state,abbreviation,year,lat,lng,population,raw_need_score,need_index,ami,smi,mde_adult,mde_youth,suicide_rate,substance_use_disorder,public_mh_spending_per_capita,predicted_public_mh_spending_per_capita,funding_gap_per_capita,funding_gap_score,medicaid_share_of_public_mh,provider_density_per_100k,medicaid_expansion_status,medicaid_expansion_label,financing_status
Alabama,AL,2016,32.8,-86.8,5108468,-0.4189,44.8,23.02,6.12,8.64,17.6,16.8,16.2,311.24,334.92,-23.68,-1.99,45.1,92.6,0,Non-expansion,Modeled fallback
Alaska,AK,2016,64.2,-152.5,733406,0.4338,54,24.04,6.67,8.63,15.28,28.2,18.33,338.23,340.35,-2.12,-0.18,44.6,213.1,1,Expansion,Modeled fallback
Arizona,AZ,2016,33.7,-111.4,7431344,0.454,54.3,24.6,6.46,9.39,16.78,19.2,17.58,336.05,340.53,-4.48,-0.38,45.4,194.9,1,Expansion,Modeled fallback
Arkansas,AR,2016,34.8,-92.4,3067732,1.5326,65.9,26.55,6.66,9.91,18.33,20.2,17.31,331.59,347.37,-15.78,-1.33,45.1,150.1,1,Expansion,Modeled fallback
California,CA,2016,36.1,-119.7,39029342,-2.6035,21.3,21.63,4.76,7.34,15.83,10.2,16.65,335.52,321.06,14.46,1.22,44.9,254.9,1,Expansion,Modeled fallback
Colorado,CO,2016,39,-105.3,5773714,2.5401,76.8,26.36,6.98,9.58,19.24,20.9,22.37,365.82,353.8,12.02,1.01,49.6,276.1,1,Expansion,Modeled fallback
Connecticut,CT,2016,41.6,-72.7,3626205,-1.0023,38.6,23.74,5.53,8.29,17.49,9.1,17.53,344.95,331.26,13.69,1.15,48.2,258.8,1,Expansion,Modeled fallback
Delaware,DE,2016,39.3,-75.5,990837,-1.1425,37,22.14,5.6,8.6,16.58,12.8,17.62,334.7,330.32,4.38,0.37,47.3,197.9,1,Expansion,Modeled fallback
Florida,FL,2016,27.7,-81.4,22610726,-2.4986,22.4,20.81,4.54,7.64,16.33,14.4,15.64,314.28,321.71,-7.43,-0.63,43.8,161.7,0,Non-expansion,Modeled fallback
Georgia,GA,2016,33,-83.6,10912876,-0.9257,39.4,25.23,5.81,8.16,15.02,14.8,17.61,314.47,331.74,-17.27,-1.45,45.1,113.8,0,Non-expansion,Modeled fallback
Hawaii,HI,2016,21.1,-157.5,1435138,-3.9301,7,19.82,4.27,6.08,14.81,15.3,14.36,320.34,312.62,7.72,0.65,46.6,177.1,1,Expansion,Modeled fallback
Idaho,ID,2016,44.2,-114,1964726,0.7157,57.1,24.46,5.92,9.4,18.49,23.3,16.43,330.69,342.18,-11.49,-0.97,47.2,152.8,0,Non-expansion,Modeled fallback
Illinois,IL,2016,40.3,-88.9,12549689,-1.3914,34.4,22.19,5.2,7.83,17.25,11.9,18.31,332.31,328.79,3.52,0.3,46.3,199.4,1,Expansion,Modeled fallback
Indiana,IN,2016,39.8,-86.3,6862199,0.1643,51.1,25.31,6.78,9.16,16.04,17,16.55,337.56,338.64,-1.08,-0.09,46,212.4,1,Expansion,Modeled fallback
Iowa,IA,2016,42,-93.2,3207287,1.8781,69.6,24.99,7.09,10.22,20.3,15.5,17.97,344.9,349.55,-4.65,-0.39,49.8,166.3,1,Expansion,Modeled fallback
Kansas,KS,2016,38.5,-96.7,2937880,-0.0195,49.2,23.68,6.18,8.35,18.13,19.6,16.53,329.35,337.52,-8.17,-0.69,47,150.8,0,Non-expansion,Modeled fallback
Kentucky,KY,2016,37.7,-84.7,4505836,1.0128,60.3,25.26,6.92,10.12,17.13,17.5,17.31,344.06,344.07,-0.01,0,45.5,229,1,Expansion,Modeled fallback
Louisiana,LA,2016,31.2,-91.9,4657757,-1.2015,36.4,24.06,5.78,7.74,15.35,15.6,17.47,321.93,329.97,-8.04,-0.68,42.5,182.9,0,Non-expansion,Modeled fallback
Maine,ME,2016,45.3,-69.4,1395231,3.1315,83.2,26.68,6.28,11.47,20.31,18.5,22.38,367.35,357.58,9.77,0.82,51.3,224.4,0,Non-expansion,Modeled fallback
Maryland,MD,2016,39.1,-76.8,6177224,-1.4432,33.8,22.7,5.14,8.21,18.25,9.3,15.83,339.13,328.43,10.7,0.9,47.1,210.9,1,Expansion,Modeled fallback
Massachusetts,MA,2016,42.2,-71.5,7001399,-0.5213,43.7,24.89,5.88,8.79,15.95,8.6,19.91,347.78,334.27,13.51,1.14,49,433.7,1,Expansion,Modeled fallback
Michigan,MI,2016,43.3,-84.5,9986857,-0.9726,38.9,23.57,5.18,8.54,16.65,14.9,17.43,332.47,331.44,1.03,0.09,45.4,201.5,1,Expansion,Modeled fallback
Minnesota,MN,2016,45.7,-93.9,5737915,-0.905,39.6,22.55,5.76,8.41,18.07,13.8,15.64,344.37,331.85,12.52,1.05,48.3,235.4,1,Expansion,Modeled fallback
Mississippi,MS,2016,32.7,-89.7,2939690,-2.6817,20.4,20.45,4.76,6.83,16,15.5,16.39,296.76,320.53,-23.77,-2,40.4,118.9,0,Non-expansion,Modeled fallback
Missouri,MO,2016,38.5,-92.3,6196911,1.3874,64.3,25.67,6.58,9.04,19.17,18,19.39,343.04,346.43,-3.39,-0.29,46.2,198,0,Non-expansion,Modeled fallback
Montana,MT,2016,47,-109.6,1084225,2.3024,74.2,25.59,6.87,9.77,17.54,26.6,22.18,360.51,352.27,8.24,0.69,48.2,259,1,Expansion,Modeled fallback
Nebraska,NE,2016,41.5,-99.9,1961504,0.7286,57.2,24.09,6.85,10.21,18.33,14.5,15.97,345.26,342.24,3.02,0.25,48.5,207.9,0,Non-expansion,Modeled fallback
Nevada,NV,2016,38.3,-117.1,3194176,1.5518,66.1,24.64,6.65,8.85,18.82,20.3,21.74,329.29,347.49,-18.2,-1.53,45.9,130.8,1,Expansion,Modeled fallback
New Hampshire,NH,2016,43.5,-71.6,1454674,2.6033,77.5,27.7,7.55,10.36,20.27,14.6,18.12,366.19,354.22,11.97,1.01,51.2,286.5,1,Expansion,Modeled fallback
New Jersey,NJ,2016,40.2,-74.5,9290841,-4.5748,0,18.1,4,6.18,15.61,7.2,14.73,323.9,308.49,15.41,1.3,45.7,237,1,Expansion,Modeled fallback
New Mexico,NM,2016,34.8,-106.2,2117522,1.5661,66.3,23.89,6.12,9.55,19.81,22.8,19.8,331.56,347.61,-16.05,-1.35,44.4,150.1,1,Expansion,Modeled fallback
New York,NY,2016,42.2,-74.9,19571216,-2.6054,21.3,21.87,4.73,7.7,15.27,8.3,17.29,335.5,321.06,14.44,1.22,46.9,251.4,1,Expansion,Modeled fallback
North Carolina,NC,2016,35.6,-79,10439388,-2.247,25.1,21.4,5,8.09,15.89,14.3,14.82,313.47,323.3,-9.83,-0.83,43.6,147.3,0,Non-expansion,Modeled fallback
North Dakota,ND,2016,47.5,-99.8,780841,-0.4353,44.7,22.99,6.27,8.85,16.4,17.8,16.82,342.31,334.86,7.45,0.63,48.3,212.1,1,Expansion,Modeled fallback
Ohio,OH,2016,40.4,-82.9,11785869,-0.0302,49,23.89,6.28,8.88,17.53,14.7,17.64,338.14,337.4,0.74,0.06,44.6,222.8,1,Expansion,Modeled fallback
Oklahoma,OK,2016,35.6,-97.5,4053824,-0.3196,45.9,22.56,5.76,8.31,17.28,21.8,17.9,322.06,335.57,-13.51,-1.14,43.2,164.4,0,Non-expansion,Modeled fallback
Oregon,OR,2016,43.8,-120.6,4246155,4.6919,100,31.58,7.96,11.9,19.89,19.4,20.81,370.79,367.49,3.3,0.28,50.2,225.7,1,Expansion,Modeled fallback
Pennsylvania,PA,2016,40.6,-77.2,12961683,-0.0986,48.3,23.94,6.22,9.2,17.29,14.3,17.06,350.27,336.99,13.28,1.12,47.4,282.2,1,Expansion,Modeled fallback
Rhode Island,RI,2016,41.7,-71.5,1095962,0.4316,54,25.82,6.31,9.71,16.9,9.4,19.46,353.4,340.35,13.05,1.1,49.4,267.8,1,Expansion,Modeled fallback
South Carolina,SC,2016,34,-81.2,5373555,-3.0862,16.1,19.78,4.6,6.65,14.97,14.7,17.62,305.3,317.99,-12.69,-1.07,42.5,139.7,0,Non-expansion,Modeled fallback
South Dakota,SD,2016,44.3,-99.4,887770,-0.6838,42,21.83,6.72,8.12,15.79,20.7,16.94,338.32,333.27,5.05,0.43,46.1,220.6,0,Non-expansion,Modeled fallback
Tennessee,TN,2016,35.7,-86.7,7126489,1.2321,62.7,26.96,7,9.72,17.79,17.3,16.36,329.71,345.48,-15.77,-1.33,44.9,152.3,0,Non-expansion,Modeled fallback
Texas,TX,2016,31.9,-99.9,30503301,-2.6306,21,20.73,5.1,7.22,16.13,14.2,14.62,302.01,320.88,-18.87,-1.59,43.7,103.3,0,Non-expansion,Modeled fallback
Utah,UT,2016,39.3,-111.1,3417734,1.3428,63.9,26.7,8.4,9.87,16.83,21.5,12.59,354.86,346.19,8.67,0.73,50.6,225.1,0,Non-expansion,Modeled fallback
Vermont,VT,2016,44,-72.7,643077,2.9408,81.1,29.12,7.69,10.45,17.87,17.8,20.87,368.18,356.34,11.84,1,51.9,287.8,1,Expansion,Modeled fallback
Virginia,VA,2016,37.8,-78.2,8715698,-1.1378,37.1,23.14,5.53,8.26,17.47,13.6,15.57,344.15,330.38,13.77,1.16,47.3,311.3,0,Non-expansion,Modeled fallback
Washington,WA,2016,47.4,-121.5,7812880,1.7512,68.3,27.93,7.24,10.93,17.13,15.7,16.62,357.72,348.79,8.93,0.75,49.3,237.1,1,Expansion,Modeled fallback
West Virginia,WV,2016,38.5,-80.9,1770071,3.2603,84.6,28.11,8.01,11,20.32,18.6,17.19,346.72,358.4,-11.68,-0.98,45.4,182.6,1,Expansion,Modeled fallback
Wisconsin,WI,2016,44.3,-89.6,5910726,0.0407,49.8,24.55,6.4,8.85,16.42,15,18.84,345.92,337.87,8.05,0.68,48.7,220.3,0,Non-expansion,Modeled fallback
Wyoming,WY,2016,42.8,-107.3,576851,1.8133,68.9,24.67,7.38,9.52,18.43,26.3,17.6,338.77,349.14,-10.37,-0.87,45.8,186.5,0,Non-expansion,Modeled fallback
Alabama,AL,2017,32.8,-86.8,5108468,-0.4189,44.8,23.02,6.12,8.64,17.6,16.8,16.2,328.2,352.74,-24.54,-2.01,46.4,92.6,0,Non-expansion,Modeled fallback
Alaska,AK,2017,64.2,-152.5,733406,0.4338,54,24.04,6.67,8.63,15.28,28.2,18.33,356.57,358.44,-1.87,-0.15,45.9,213.1,1,Expansion,Modeled fallback
Arizona,AZ,2017,33.7,-111.4,7431344,0.454,54.3,24.6,6.46,9.39,16.78,19.2,17.58,354.28,358.63,-4.35,-0.36,46.7,194.9,1,Expansion,Modeled fallback
Arkansas,AR,2017,34.8,-92.4,3067732,1.5326,65.9,26.55,6.66,9.91,18.33,20.2,17.31,349.59,365.82,-16.23,-1.33,46.4,150.1,1,Expansion,Modeled fallback
California,CA,2017,36.1,-119.7,39029342,-2.6035,21.3,21.63,4.76,7.34,15.83,10.2,16.65,352.63,338.17,14.46,1.19,46.1,254.9,1,Expansion,Modeled fallback
Colorado,CO,2017,39,-105.3,5773714,2.5401,76.8,26.36,6.98,9.58,19.24,20.9,22.37,384.48,372.58,11.9,0.98,50.8,276.1,1,Expansion,Modeled fallback
Connecticut,CT,2017,41.6,-72.7,3626205,-1.0023,38.6,23.74,5.53,8.29,17.49,9.1,17.53,362.54,348.89,13.65,1.12,49.5,258.8,1,Expansion,Modeled fallback
Delaware,DE,2017,39.3,-75.5,990837,-1.1425,37,22.14,5.6,8.6,16.58,12.8,17.62,352.85,347.9,4.95,0.41,48.6,197.9,1,Expansion,Modeled fallback
Florida,FL,2017,27.7,-81.4,22610726,-2.4986,22.4,20.81,4.54,7.64,16.33,14.4,15.64,331.4,338.85,-7.45,-0.61,45,161.7,0,Non-expansion,Modeled fallback
Georgia,GA,2017,33,-83.6,10912876,-0.9257,39.4,25.23,5.81,8.16,15.02,14.8,17.61,331.59,349.39,-17.8,-1.46,46.3,113.8,0,Non-expansion,Modeled fallback
Hawaii,HI,2017,21.1,-157.5,1435138,-3.9301,7,19.82,4.27,6.08,14.81,15.3,14.36,337.77,329.3,8.47,0.69,47.8,177.1,1,Expansion,Modeled fallback
Idaho,ID,2017,44.2,-114,1964726,0.7157,57.1,24.46,5.92,9.4,18.49,23.3,16.43,348.64,360.36,-11.72,-0.96,48.5,152.8,0,Non-expansion,Modeled fallback
Illinois,IL,2017,40.3,-88.9,12549689,-1.3914,34.4,22.19,5.2,7.83,17.25,11.9,18.31,350.34,346.29,4.05,0.33,47.5,199.4,1,Expansion,Modeled fallback
Indiana,IN,2017,39.8,-86.3,6862199,0.1643,51.1,25.31,6.78,9.16,16.04,17,16.55,355.87,356.64,-0.77,-0.06,47.2,212.4,1,Expansion,Modeled fallback
Iowa,IA,2017,42,-93.2,3207287,1.8781,69.6,24.99,7.09,10.22,20.3,15.5,17.97,363.58,368.11,-4.53,-0.37,51.1,166.3,1,Expansion,Modeled fallback
Kansas,KS,2017,38.5,-96.7,2937880,-0.0195,49.2,23.68,6.18,8.35,18.13,19.6,16.53,347.23,355.46,-8.23,-0.67,48.3,150.8,0,Non-expansion,Modeled fallback
Kentucky,KY,2017,37.7,-84.7,4505836,1.0128,60.3,25.26,6.92,10.12,17.13,17.5,17.31,362.69,362.35,0.34,0.03,46.7,229,1,Expansion,Modeled fallback
Louisiana,LA,2017,31.2,-91.9,4657757,-1.2015,36.4,24.06,5.78,7.74,15.35,15.6,17.47,339.43,347.53,-8.1,-0.66,43.7,182.9,1,Expansion,Modeled fallback
Maine,ME,2017,45.3,-69.4,1395231,3.1315,83.2,26.68,6.28,11.47,20.31,18.5,22.38,387.18,376.54,10.64,0.87,52.5,224.4,0,Non-expansion,Modeled fallback
Maryland,MD,2017,39.1,-76.8,6177224,-1.4432,33.8,22.7,5.14,8.21,18.25,9.3,15.83,357.51,345.92,11.59,0.95,48.3,210.9,1,Expansion,Modeled fallback
Massachusetts,MA,2017,42.2,-71.5,7001399,-0.5213,43.7,24.89,5.88,8.79,15.95,8.6,19.91,365.52,352.05,13.47,1.1,50.3,433.7,1,Expansion,Modeled fallback
Michigan,MI,2017,43.3,-84.5,9986857,-0.9726,38.9,23.57,5.18,8.54,16.65,14.9,17.43,350.52,349.08,1.44,0.12,46.7,201.5,1,Expansion,Modeled fallback
Minnesota,MN,2017,45.7,-93.9,5737915,-0.905,39.6,22.55,5.76,8.41,18.07,13.8,15.64,363.02,349.51,13.51,1.11,49.5,235.4,1,Expansion,Modeled fallback
Mississippi,MS,2017,32.7,-89.7,2939690,-2.6817,20.4,20.45,4.76,6.83,16,15.5,16.39,312.98,337.61,-24.63,-2.02,41.7,118.9,0,Non-expansion,Modeled fallback
Missouri,MO,2017,38.5,-92.3,6196911,1.3874,64.3,25.67,6.58,9.04,19.17,18,19.39,361.63,364.83,-3.2,-0.26,47.5,198,0,Non-expansion,Modeled fallback
Montana,MT,2017,47,-109.6,1084225,2.3024,74.2,25.59,6.87,9.77,17.54,26.6,22.18,379.99,370.96,9.03,0.74,49.4,259,1,Expansion,Modeled fallback
Nebraska,NE,2017,41.5,-99.9,1961504,0.7286,57.2,24.09,6.85,10.21,18.33,14.5,15.97,363.96,360.42,3.54,0.29,49.7,207.9,0,Non-expansion,Modeled fallback
Nevada,NV,2017,38.3,-117.1,3194176,1.5518,66.1,24.64,6.65,8.85,18.82,20.3,21.74,347.18,365.94,-18.76,-1.54,47.2,130.8,1,Expansion,Modeled fallback
New Hampshire,NH,2017,43.5,-71.6,1454674,2.6033,77.5,27.7,7.55,10.36,20.27,14.6,18.12,384.87,373.01,11.86,0.97,52.5,286.5,1,Expansion,Modeled fallback
New Jersey,NJ,2017,40.2,-74.5,9290841,-4.5748,0,18.1,4,6.18,15.61,7.2,14.73,340.42,324.96,15.46,1.27,46.9,237,1,Expansion,Modeled fallback
New Mexico,NM,2017,34.8,-106.2,2117522,1.5661,66.3,23.89,6.12,9.55,19.81,22.8,19.8,349.56,366.07,-16.51,-1.35,45.6,150.1,1,Expansion,Modeled fallback
New York,NY,2017,42.2,-74.9,19571216,-2.6054,21.3,21.87,4.73,7.7,15.27,8.3,17.29,352.61,338.17,14.44,1.18,48.1,251.4,1,Expansion,Modeled fallback
North Carolina,NC,2017,35.6,-79,10439388,-2.247,25.1,21.4,5,8.09,15.89,14.3,14.82,330.54,340.52,-9.98,-0.82,44.8,147.3,0,Non-expansion,Modeled fallback
North Dakota,ND,2017,47.5,-99.8,780841,-0.4353,44.7,22.99,6.27,8.85,16.4,17.8,16.82,360.85,352.67,8.18,0.67,49.5,212.1,1,Expansion,Modeled fallback
Ohio,OH,2017,40.4,-82.9,11785869,-0.0302,49,23.89,6.28,8.88,17.53,14.7,17.64,356.48,355.34,1.14,0.09,45.9,222.8,1,Expansion,Modeled fallback
Oklahoma,OK,2017,35.6,-97.5,4053824,-0.3196,45.9,22.56,5.76,8.31,17.28,21.8,17.9,339.57,353.42,-13.85,-1.14,44.4,164.4,0,Non-expansion,Modeled fallback
Oregon,OR,2017,43.8,-120.6,4246155,4.6919,100,31.58,7.96,11.9,19.89,19.4,20.81,390.79,386.96,3.83,0.31,51.4,225.7,1,Expansion,Modeled fallback
Pennsylvania,PA,2017,40.6,-77.2,12961683,-0.0986,48.3,23.94,6.22,9.2,17.29,14.3,17.06,368.14,354.91,13.23,1.08,48.6,282.2,1,Expansion,Modeled fallback
Rhode Island,RI,2017,41.7,-71.5,1095962,0.4316,54,25.82,6.31,9.71,16.9,9.4,19.46,371.42,358.44,12.98,1.06,50.7,267.8,1,Expansion,Modeled fallback
South Carolina,SC,2017,34,-81.2,5373555,-3.0862,16.1,19.78,4.6,6.65,14.97,14.7,17.62,321.96,334.94,-12.98,-1.06,43.7,139.7,0,Non-expansion,Modeled fallback
South Dakota,SD,2017,44.3,-99.4,887770,-0.6838,42,21.83,6.72,8.12,15.79,20.7,16.94,356.66,351,5.66,0.46,47.3,220.6,0,Non-expansion,Modeled fallback
Tennessee,TN,2017,35.7,-86.7,7126489,1.2321,62.7,26.96,7,9.72,17.79,17.3,16.36,347.61,363.83,-16.22,-1.33,46.1,152.3,0,Non-expansion,Modeled fallback
Texas,TX,2017,31.9,-99.9,30503301,-2.6306,21,20.73,5.1,7.22,16.13,14.2,14.62,318.5,337.98,-19.48,-1.6,44.9,103.3,0,Non-expansion,Modeled fallback
Utah,UT,2017,39.3,-111.1,3417734,1.3428,63.9,26.7,8.4,9.87,16.83,21.5,12.59,374.04,364.58,9.46,0.78,51.8,225.1,0,Non-expansion,Modeled fallback
Vermont,VT,2017,44,-72.7,643077,2.9408,81.1,29.12,7.69,10.45,17.87,17.8,20.87,386.95,375.24,11.71,0.96,53.1,287.8,1,Expansion,Modeled fallback
Virginia,VA,2017,37.8,-78.2,8715698,-1.1378,37.1,23.14,5.53,8.26,17.47,13.6,15.57,361.7,347.96,13.74,1.13,48.6,311.3,0,Non-expansion,Modeled fallback
Washington,WA,2017,47.4,-121.5,7812880,1.7512,68.3,27.93,7.24,10.93,17.13,15.7,16.62,377.05,367.31,9.74,0.8,50.6,237.1,1,Expansion,Modeled fallback
West Virginia,WV,2017,38.5,-80.9,1770071,3.2603,84.6,28.11,8.01,11,20.32,18.6,17.19,365.49,377.41,-11.92,-0.98,46.6,182.6,1,Expansion,Modeled fallback
Wisconsin,WI,2017,44.3,-89.6,5910726,0.0407,49.8,24.55,6.4,8.85,16.42,15,18.84,364.65,355.84,8.81,0.72,49.9,220.3,0,Non-expansion,Modeled fallback
Wyoming,WY,2017,42.8,-107.3,576851,1.8133,68.9,24.67,7.38,9.52,18.43,26.3,17.6,357.13,367.68,-10.55,-0.86,47,186.5,0,Non-expansion,Modeled fallback
Alabama,AL,2018,32.8,-86.8,5108468,-0.4189,44.8,23.02,6.12,8.64,17.6,16.8,16.2,345.27,370.59,-25.32,-2.03,47.6,92.6,0,Non-expansion,Modeled fallback
Alaska,AK,2018,64.2,-152.5,733406,0.4338,54,24.04,6.67,8.63,15.28,28.2,18.33,375.02,376.57,-1.55,-0.12,47.1,213.1,1,Expansion,Modeled fallback
Arizona,AZ,2018,33.7,-111.4,7431344,0.454,54.3,24.6,6.46,9.39,16.78,19.2,17.58,372.61,376.77,-4.16,-0.33,47.9,194.9,1,Expansion,Modeled fallback
Arkansas,AR,2018,34.8,-92.4,3067732,1.5326,65.9,26.55,6.66,9.91,18.33,20.2,17.31,367.7,384.31,-16.61,-1.33,47.6,150.1,1,Expansion,Modeled fallback
California,CA,2018,36.1,-119.7,39029342,-2.6035,21.3,21.63,4.76,7.34,15.83,10.2,16.65,369.74,355.32,14.42,1.16,47.4,254.9,1,Expansion,Modeled fallback
Colorado,CO,2018,39,-105.3,5773714,2.5401,76.8,26.36,6.98,9.58,19.24,20.9,22.37,403.14,391.39,11.75,0.94,52.1,276.1,1,Expansion,Modeled fallback
Connecticut,CT,2018,41.6,-72.7,3626205,-1.0023,38.6,23.74,5.53,8.29,17.49,9.1,17.53,380.13,366.56,13.57,1.09,50.7,258.8,1,Expansion,Modeled fallback
Delaware,DE,2018,39.3,-75.5,990837,-1.1425,37,22.14,5.6,8.6,16.58,12.8,17.62,371.11,365.52,5.59,0.45,49.8,197.9,1,Expansion,Modeled fallback
Florida,FL,2018,27.7,-81.4,22610726,-2.4986,22.4,20.81,4.54,7.64,16.33,14.4,15.64,348.62,356.03,-7.41,-0.59,46.3,161.7,0,Non-expansion,Modeled fallback
Georgia,GA,2018,33,-83.6,10912876,-0.9257,39.4,25.23,5.81,8.16,15.02,14.8,17.61,348.82,367.08,-18.26,-1.46,47.6,113.8,0,Non-expansion,Modeled fallback
Hawaii,HI,2018,21.1,-157.5,1435138,-3.9301,7,19.82,4.27,6.08,14.81,15.3,14.36,355.3,346.02,9.28,0.74,49.1,177.1,1,Expansion,Modeled fallback
Idaho,ID,2018,44.2,-114,1964726,0.7157,57.1,24.46,5.92,9.4,18.49,23.3,16.43,366.7,378.59,-11.89,-0.95,49.7,152.8,0,Non-expansion,Modeled fallback
Illinois,IL,2018,40.3,-88.9,12549689,-1.3914,34.4,22.19,5.2,7.83,17.25,11.9,18.31,368.48,363.83,4.65,0.37,48.8,199.4,1,Expansion,Modeled fallback
Indiana,IN,2018,39.8,-86.3,6862199,0.1643,51.1,25.31,6.78,9.16,16.04,17,16.55,374.28,374.69,-0.41,-0.03,48.5,212.4,1,Expansion,Modeled fallback
Iowa,IA,2018,42,-93.2,3207287,1.8781,69.6,24.99,7.09,10.22,20.3,15.5,17.97,382.36,386.71,-4.35,-0.35,52.3,166.3,1,Expansion,Modeled fallback
Kansas,KS,2018,38.5,-96.7,2937880,-0.0195,49.2,23.68,6.18,8.35,18.13,19.6,16.53,365.23,373.45,-8.22,-0.66,49.5,150.8,0,Non-expansion,Modeled fallback
Kentucky,KY,2018,37.7,-84.7,4505836,1.0128,60.3,25.26,6.92,10.12,17.13,17.5,17.31,381.43,380.67,0.76,0.06,48,229,1,Expansion,Modeled fallback
Louisiana,LA,2018,31.2,-91.9,4657757,-1.2015,36.4,24.06,5.78,7.74,15.35,15.6,17.47,357.04,365.13,-8.09,-0.65,45,182.9,1,Expansion,Modeled fallback
Maine,ME,2018,45.3,-69.4,1395231,3.1315,83.2,26.68,6.28,11.47,20.31,18.5,22.38,406.97,395.55,11.42,0.92,53.8,224.4,0,Non-expansion,Modeled fallback
Maryland,MD,2018,39.1,-76.8,6177224,-1.4432,33.8,22.7,5.14,8.21,18.25,9.3,15.83,376,363.44,12.56,1.01,49.6,210.9,1,Expansion,Modeled fallback
Massachusetts,MA,2018,42.2,-71.5,7001399,-0.5213,43.7,24.89,5.88,8.79,15.95,8.6,19.91,383.26,369.88,13.38,1.07,51.5,433.7,1,Expansion,Modeled fallback
Michigan,MI,2018,43.3,-84.5,9986857,-0.9726,38.9,23.57,5.18,8.54,16.65,14.9,17.43,368.67,366.76,1.91,0.15,47.9,201.5,1,Expansion,Modeled fallback
Minnesota,MN,2018,45.7,-93.9,5737915,-0.905,39.6,22.55,5.76,8.41,18.07,13.8,15.64,380.77,367.21,13.56,1.09,50.8,235.4,1,Expansion,Modeled fallback
Mississippi,MS,2018,32.7,-89.7,2939690,-2.6817,20.4,20.45,4.76,6.83,16,15.5,16.39,329.31,354.73,-25.42,-2.04,42.9,118.9,0,Non-expansion,Modeled fallback
Missouri,MO,2018,38.5,-92.3,6196911,1.3874,64.3,25.67,6.58,9.04,19.17,18,19.39,380.32,383.27,-2.95,-0.24,48.7,198,0,Non-expansion,Modeled fallback
Montana,MT,2018,47,-109.6,1084225,2.3024,74.2,25.59,6.87,9.77,17.54,26.6,22.18,399.57,389.7,9.87,0.79,50.7,259,1,Expansion,Modeled fallback
Nebraska,NE,2018,41.5,-99.9,1961504,0.7286,57.2,24.09,6.85,10.21,18.33,14.5,15.97,382.76,378.65,4.11,0.33,51,207.9,0,Non-expansion,Modeled fallback
Nevada,NV,2018,38.3,-117.1,3194176,1.5518,66.1,24.64,6.65,8.85,18.82,20.3,21.74,365.16,384.44,-19.28,-1.54,48.4,130.8,1,Expansion,Modeled fallback
New Hampshire,NH,2018,43.5,-71.6,1454674,2.6033,77.5,27.7,7.55,10.36,20.27,14.6,18.12,403.55,391.85,11.7,0.94,53.7,286.5,1,Expansion,Modeled fallback
New Jersey,NJ,2018,40.2,-74.5,9290841,-4.5748,0,18.1,4,6.18,15.61,7.2,14.73,356.94,341.47,15.47,1.24,48.2,237,1,Expansion,Modeled fallback
New Mexico,NM,2018,34.8,-106.2,2117522,1.5661,66.3,23.89,6.12,9.55,19.81,22.8,19.8,367.66,384.57,-16.91,-1.35,46.9,150.1,1,Expansion,Modeled fallback
New York,NY,2018,42.2,-74.9,19571216,-2.6054,21.3,21.87,4.73,7.7,15.27,8.3,17.29,369.72,355.32,14.4,1.15,49.4,251.4,1,Expansion,Modeled fallback
North Carolina,NC,2018,35.6,-79,10439388,-2.247,25.1,21.4,5,8.09,15.89,14.3,14.82,347.72,357.79,-10.07,-0.81,46.1,147.3,0,Non-expansion,Modeled fallback
North Dakota,ND,2018,47.5,-99.8,780841,-0.4353,44.7,22.99,6.27,8.85,16.4,17.8,16.82,379.5,370.53,8.97,0.72,50.8,212.1,1,Expansion,Modeled fallback
Ohio,OH,2018,40.4,-82.9,11785869,-0.0302,49,23.89,6.28,8.88,17.53,14.7,17.64,374.91,373.32,1.59,0.13,47.1,222.8,1,Expansion,Modeled fallback
Oklahoma,OK,2018,35.6,-97.5,4053824,-0.3196,45.9,22.56,5.76,8.31,17.28,21.8,17.9,357.19,371.31,-14.12,-1.13,45.7,164.4,0,Non-expansion,Modeled fallback
Oregon,OR,2018,43.8,-120.6,4246155,4.6919,100,31.58,7.96,11.9,19.89,19.4,20.81,410.9,406.47,4.43,0.35,52.7,225.7,1,Expansion,Modeled fallback
Pennsylvania,PA,2018,40.6,-77.2,12961683,-0.0986,48.3,23.94,6.22,9.2,17.29,14.3,17.06,386,372.87,13.13,1.05,49.9,282.2,1,Expansion,Modeled fallback
Rhode Island,RI,2018,41.7,-71.5,1095962,0.4316,54,25.82,6.31,9.71,16.9,9.4,19.46,389.45,376.57,12.88,1.03,51.9,267.8,1,Expansion,Modeled fallback
South Carolina,SC,2018,34,-81.2,5373555,-3.0862,16.1,19.78,4.6,6.65,14.97,14.7,17.62,338.72,351.94,-13.22,-1.06,45,139.7,0,Non-expansion,Modeled fallback
South Dakota,SD,2018,44.3,-99.4,887770,-0.6838,42,21.83,6.72,8.12,15.79,20.7,16.94,375.11,368.77,6.34,0.51,48.6,220.6,0,Non-expansion,Modeled fallback
Tennessee,TN,2018,35.7,-86.7,7126489,1.2321,62.7,26.96,7,9.72,17.79,17.3,16.36,365.62,382.23,-16.61,-1.33,47.4,152.3,0,Non-expansion,Modeled fallback
Texas,TX,2018,31.9,-99.9,30503301,-2.6306,21,20.73,5.1,7.22,16.13,14.2,14.62,335.09,355.12,-20.03,-1.6,46.2,103.3,0,Non-expansion,Modeled fallback
Utah,UT,2018,39.3,-111.1,3417734,1.3428,63.9,26.7,8.4,9.87,16.83,21.5,12.59,393.33,383.01,10.32,0.83,53.1,225.1,0,Non-expansion,Modeled fallback
Vermont,VT,2018,44,-72.7,643077,2.9408,81.1,29.12,7.69,10.45,17.87,17.8,20.87,405.74,394.19,11.55,0.93,54.4,287.8,1,Expansion,Modeled fallback
Virginia,VA,2018,37.8,-78.2,8715698,-1.1378,37.1,23.14,5.53,8.26,17.47,13.6,15.57,379.25,365.59,13.66,1.09,49.8,311.3,0,Non-expansion,Modeled fallback
Washington,WA,2018,47.4,-121.5,7812880,1.7512,68.3,27.93,7.24,10.93,17.13,15.7,16.62,396.49,385.87,10.62,0.85,51.8,237.1,1,Expansion,Modeled fallback
West Virginia,WV,2018,38.5,-80.9,1770071,3.2603,84.6,28.11,8.01,11,20.32,18.6,17.19,384.37,396.46,-12.09,-0.97,47.9,182.6,1,Expansion,Modeled fallback
Wisconsin,WI,2018,44.3,-89.6,5910726,0.0407,49.8,24.55,6.4,8.85,16.42,15,18.84,383.48,373.84,9.64,0.77,51.2,220.3,0,Non-expansion,Modeled fallback
Wyoming,WY,2018,42.8,-107.3,576851,1.8133,68.9,24.67,7.38,9.52,18.43,26.3,17.6,375.61,386.26,-10.65,-0.85,48.3,186.5,0,Non-expansion,Modeled fallback
Alabama,AL,2019,32.8,-86.8,5108468,-0.4189,44.8,23.02,6.12,8.64,17.6,16.8,16.2,362.44,388.57,-26.13,-2.05,48.9,92.6,0,Non-expansion,Modeled fallback
Alaska,AK,2019,64.2,-152.5,733406,0.4338,54,24.04,6.67,8.63,15.28,28.2,18.33,393.56,394.83,-1.27,-0.1,48.4,213.1,1,Expansion,Modeled fallback
Arizona,AZ,2019,33.7,-111.4,7431344,0.454,54.3,24.6,6.46,9.39,16.78,19.2,17.58,391.05,395.03,-3.98,-0.31,49.2,194.9,1,Expansion,Modeled fallback
Arkansas,AR,2019,34.8,-92.4,3067732,1.5326,65.9,26.55,6.66,9.91,18.33,20.2,17.31,385.91,402.92,-17.01,-1.34,48.9,150.1,1,Expansion,Modeled fallback
California,CA,2019,36.1,-119.7,39029342,-2.6035,21.3,21.63,4.76,7.34,15.83,10.2,16.65,386.85,372.59,14.26,1.12,48.6,254.9,1,Expansion,Modeled fallback
Colorado,CO,2019,39,-105.3,5773714,2.5401,76.8,26.36,6.98,9.58,19.24,20.9,22.37,421.79,410.33,11.46,0.9,53.3,276.1,1,Expansion,Modeled fallback
Connecticut,CT,2019,41.6,-72.7,3626205,-1.0023,38.6,23.74,5.53,8.29,17.49,9.1,17.53,397.73,384.36,13.37,1.05,52,258.8,1,Expansion,Modeled fallback
Delaware,DE,2019,39.3,-75.5,990837,-1.1425,37,22.14,5.6,8.6,16.58,12.8,17.62,389.48,383.27,6.21,0.49,51.1,197.9,1,Expansion,Modeled fallback
Florida,FL,2019,27.7,-81.4,22610726,-2.4986,22.4,20.81,4.54,7.64,16.33,14.4,15.64,365.95,373.34,-7.39,-0.58,47.5,161.7,0,Non-expansion,Modeled fallback
Georgia,GA,2019,33,-83.6,10912876,-0.9257,39.4,25.23,5.81,8.16,15.02,14.8,17.61,366.16,384.9,-18.74,-1.47,48.8,113.8,0,Non-expansion,Modeled fallback
Hawaii,HI,2019,21.1,-157.5,1435138,-3.9301,7,19.82,4.27,6.08,14.81,15.3,14.36,372.93,362.87,10.06,0.79,50.3,177.1,1,Expansion,Modeled fallback
Idaho,ID,2019,44.2,-114,1964726,0.7157,57.1,24.46,5.92,9.4,18.49,23.3,16.43,384.87,396.94,-12.07,-0.95,51,152.8,0,Non-expansion,Modeled fallback
Illinois,IL,2019,40.3,-88.9,12549689,-1.3914,34.4,22.19,5.2,7.83,17.25,11.9,18.31,386.73,381.5,5.23,0.41,50,199.4,1,Expansion,Modeled fallback
Indiana,IN,2019,39.8,-86.3,6862199,0.1643,51.1,25.31,6.78,9.16,16.04,17,16.55,392.79,392.86,-0.07,-0.01,49.7,212.4,1,Expansion,Modeled fallback
Iowa,IA,2019,42,-93.2,3207287,1.8781,69.6,24.99,7.09,10.22,20.3,15.5,17.97,401.25,405.44,-4.19,-0.33,53.6,166.3,1,Expansion,Modeled fallback
Kansas,KS,2019,38.5,-96.7,2937880,-0.0195,49.2,23.68,6.18,8.35,18.13,19.6,16.53,383.32,391.57,-8.25,-0.65,50.8,150.8,0,Non-expansion,Modeled fallback
Kentucky,KY,2019,37.7,-84.7,4505836,1.0128,60.3,25.26,6.92,10.12,17.13,17.5,17.31,400.28,399.11,1.17,0.09,49.2,229,1,Expansion,Modeled fallback
Louisiana,LA,2019,31.2,-91.9,4657757,-1.2015,36.4,24.06,5.78,7.74,15.35,15.6,17.47,374.76,382.86,-8.1,-0.64,46.2,182.9,1,Expansion,Modeled fallback
Maine,ME,2019,45.3,-69.4,1395231,3.1315,83.2,26.68,6.28,11.47,20.31,18.5,22.38,425.81,414.69,11.12,0.87,55,224.4,1,Expansion,Modeled fallback
Maryland,MD,2019,39.1,-76.8,6177224,-1.4432,33.8,22.7,5.14,8.21,18.25,9.3,15.83,394.6,381.09,13.51,1.06,50.8,210.9,1,Expansion,Modeled fallback
Massachusetts,MA,2019,42.2,-71.5,7001399,-0.5213,43.7,24.89,5.88,8.79,15.95,8.6,19.91,400.99,387.83,13.16,1.03,52.8,433.7,1,Expansion,Modeled fallback
Michigan,MI,2019,43.3,-84.5,9986857,-0.9726,38.9,23.57,5.18,8.54,16.65,14.9,17.43,386.92,384.56,2.36,0.19,49.2,201.5,1,Expansion,Modeled fallback
Minnesota,MN,2019,45.7,-93.9,5737915,-0.905,39.6,22.55,5.76,8.41,18.07,13.8,15.64,398.39,385.04,13.35,1.05,52,235.4,1,Expansion,Modeled fallback
Mississippi,MS,2019,32.7,-89.7,2939690,-2.6817,20.4,20.45,4.76,6.83,16,15.5,16.39,345.74,371.98,-26.24,-2.06,44.2,118.9,0,Non-expansion,Modeled fallback
Missouri,MO,2019,38.5,-92.3,6196911,1.3874,64.3,25.67,6.58,9.04,19.17,18,19.39,399.11,401.83,-2.72,-0.21,50,198,0,Non-expansion,Modeled fallback
Montana,MT,2019,47,-109.6,1084225,2.3024,74.2,25.59,6.87,9.77,17.54,26.6,22.18,419.25,408.57,10.68,0.84,51.9,259,1,Expansion,Modeled fallback
Nebraska,NE,2019,41.5,-99.9,1961504,0.7286,57.2,24.09,6.85,10.21,18.33,14.5,15.97,401.66,397.01,4.65,0.37,52.2,207.9,0,Non-expansion,Modeled fallback
Nevada,NV,2019,38.3,-117.1,3194176,1.5518,66.1,24.64,6.65,8.85,18.82,20.3,21.74,383.25,403.06,-19.81,-1.56,49.7,130.8,1,Expansion,Modeled fallback
New Hampshire,NH,2019,43.5,-71.6,1454674,2.6033,77.5,27.7,7.55,10.36,20.27,14.6,18.12,422.22,410.81,11.41,0.9,55,286.5,1,Expansion,Modeled fallback
New Jersey,NJ,2019,40.2,-74.5,9290841,-4.5748,0,18.1,4,6.18,15.61,7.2,14.73,373.46,358.11,15.35,1.21,49.4,237,1,Expansion,Modeled fallback
New Mexico,NM,2019,34.8,-106.2,2117522,1.5661,66.3,23.89,6.12,9.55,19.81,22.8,19.8,385.87,403.19,-17.32,-1.36,48.1,150.1,1,Expansion,Modeled fallback
New York,NY,2019,42.2,-74.9,19571216,-2.6054,21.3,21.87,4.73,7.7,15.27,8.3,17.29,386.84,372.59,14.25,1.12,50.6,251.4,1,Expansion,Modeled fallback
North Carolina,NC,2019,35.6,-79,10439388,-2.247,25.1,21.4,5,8.09,15.89,14.3,14.82,365.01,375.18,-10.17,-0.8,47.3,147.3,0,Non-expansion,Modeled fallback
North Dakota,ND,2019,47.5,-99.8,780841,-0.4353,44.7,22.99,6.27,8.85,16.4,17.8,16.82,398.26,388.51,9.75,0.77,52,212.1,1,Expansion,Modeled fallback
Ohio,OH,2019,40.4,-82.9,11785869,-0.0302,49,23.89,6.28,8.88,17.53,14.7,17.64,393.46,391.43,2.03,0.16,48.4,222.8,1,Expansion,Modeled fallback
Oklahoma,OK,2019,35.6,-97.5,4053824,-0.3196,45.9,22.56,5.76,8.31,17.28,21.8,17.9,374.92,389.32,-14.4,-1.13,46.9,164.4,0,Non-expansion,Modeled fallback
Oregon,OR,2019,43.8,-120.6,4246155,4.6919,100,31.58,7.96,11.9,19.89,19.4,20.81,431.11,426.11,5,0.39,53.9,225.7,1,Expansion,Modeled fallback
Pennsylvania,PA,2019,40.6,-77.2,12961683,-0.0986,48.3,23.94,6.22,9.2,17.29,14.3,17.06,403.87,390.95,12.92,1.01,51.1,282.2,1,Expansion,Modeled fallback
Rhode Island,RI,2019,41.7,-71.5,1095962,0.4316,54,25.82,6.31,9.71,16.9,9.4,19.46,407.47,394.83,12.64,0.99,53.2,267.8,1,Expansion,Modeled fallback
South Carolina,SC,2019,34,-81.2,5373555,-3.0862,16.1,19.78,4.6,6.65,14.97,14.7,17.62,355.59,369.06,-13.47,-1.06,46.2,139.7,0,Non-expansion,Modeled fallback
South Dakota,SD,2019,44.3,-99.4,887770,-0.6838,42,21.83,6.72,8.12,15.79,20.7,16.94,393.66,386.67,6.99,0.55,49.8,220.6,0,Non-expansion,Modeled fallback
Tennessee,TN,2019,35.7,-86.7,7126489,1.2321,62.7,26.96,7,9.72,17.79,17.3,16.36,383.73,400.75,-17.02,-1.34,48.6,152.3,0,Non-expansion,Modeled fallback
Texas,TX,2019,31.9,-99.9,30503301,-2.6306,21,20.73,5.1,7.22,16.13,14.2,14.62,351.79,372.39,-20.6,-1.62,47.4,103.3,0,Non-expansion,Modeled fallback
Utah,UT,2019,39.3,-111.1,3417734,1.3428,63.9,26.7,8.4,9.87,16.83,21.5,12.59,412.73,401.56,11.17,0.88,54.3,225.1,0,Non-expansion,Modeled fallback
Vermont,VT,2019,44,-72.7,643077,2.9408,81.1,29.12,7.69,10.45,17.87,17.8,20.87,424.52,413.26,11.26,0.88,55.6,287.8,1,Expansion,Modeled fallback
Virginia,VA,2019,37.8,-78.2,8715698,-1.1378,37.1,23.14,5.53,8.26,17.47,13.6,15.57,396.81,383.34,13.47,1.06,51.1,311.3,1,Expansion,Modeled fallback
Washington,WA,2019,47.4,-121.5,7812880,1.7512,68.3,27.93,7.24,10.93,17.13,15.7,16.62,416.03,404.55,11.48,0.9,53.1,237.1,1,Expansion,Modeled fallback
West Virginia,WV,2019,38.5,-80.9,1770071,3.2603,84.6,28.11,8.01,11,20.32,18.6,17.19,403.35,415.64,-12.29,-0.97,49.1,182.6,1,Expansion,Modeled fallback
Wisconsin,WI,2019,44.3,-89.6,5910726,0.0407,49.8,24.55,6.4,8.85,16.42,15,18.84,402.43,391.97,10.46,0.82,52.4,220.3,0,Non-expansion,Modeled fallback
Wyoming,WY,2019,42.8,-107.3,576851,1.8133,68.9,24.67,7.38,9.52,18.43,26.3,17.6,394.17,404.96,-10.79,-0.85,49.5,186.5,0,Non-expansion,Modeled fallback
Alabama,AL,2020,32.8,-86.8,5108468,-0.4189,44.8,23.02,6.12,8.64,17.6,16.8,16.2,379.72,406.6,-26.88,-2.08,50.1,92.6,0,Non-expansion,Modeled fallback
Alaska,AK,2020,64.2,-152.5,733406,0.4338,54,24.04,6.67,8.63,15.28,28.2,18.33,412.21,413.13,-0.92,-0.07,49.6,213.1,1,Expansion,Modeled fallback
Arizona,AZ,2020,33.7,-111.4,7431344,0.454,54.3,24.6,6.46,9.39,16.78,19.2,17.58,409.59,413.34,-3.75,-0.29,50.4,194.9,1,Expansion,Modeled fallback
Arkansas,AR,2020,34.8,-92.4,3067732,1.5326,65.9,26.55,6.66,9.91,18.33,20.2,17.31,404.22,421.58,-17.36,-1.34,50.1,150.1,1,Expansion,Modeled fallback
California,CA,2020,36.1,-119.7,39029342,-2.6035,21.3,21.63,4.76,7.34,15.83,10.2,16.65,403.96,389.91,14.05,1.09,49.9,254.9,1,Expansion,Modeled fallback
Colorado,CO,2020,39,-105.3,5773714,2.5401,76.8,26.36,6.98,9.58,19.24,20.9,22.37,440.45,429.32,11.13,0.86,54.6,276.1,1,Expansion,Modeled fallback
Connecticut,CT,2020,41.6,-72.7,3626205,-1.0023,38.6,23.74,5.53,8.29,17.49,9.1,17.53,415.32,402.2,13.12,1.02,53.2,258.8,1,Expansion,Modeled fallback
Delaware,DE,2020,39.3,-75.5,990837,-1.1425,37,22.14,5.6,8.6,16.58,12.8,17.62,407.96,401.06,6.9,0.53,52.3,197.9,1,Expansion,Modeled fallback
Florida,FL,2020,27.7,-81.4,22610726,-2.4986,22.4,20.81,4.54,7.64,16.33,14.4,15.64,383.38,390.69,-7.31,-0.57,48.8,161.7,0,Non-expansion,Modeled fallback
Georgia,GA,2020,33,-83.6,10912876,-0.9257,39.4,25.23,5.81,8.16,15.02,14.8,17.61,383.6,402.76,-19.16,-1.48,50.1,113.8,0,Non-expansion,Modeled fallback
Hawaii,HI,2020,21.1,-157.5,1435138,-3.9301,7,19.82,4.27,6.08,14.81,15.3,14.36,390.67,379.76,10.91,0.85,51.6,177.1,1,Expansion,Modeled fallback
Idaho,ID,2020,44.2,-114,1964726,0.7157,57.1,24.46,5.92,9.4,18.49,23.3,16.43,403.14,415.33,-12.19,-0.94,52.2,152.8,1,Expansion,Modeled fallback
Illinois,IL,2020,40.3,-88.9,12549689,-1.3914,34.4,22.19,5.2,7.83,17.25,11.9,18.31,405.08,399.21,5.87,0.45,51.3,199.4,1,Expansion,Modeled fallback
Indiana,IN,2020,39.8,-86.3,6862199,0.1643,51.1,25.31,6.78,9.16,16.04,17,16.55,411.41,411.07,0.34,0.03,51,212.4,1,Expansion,Modeled fallback
Iowa,IA,2020,42,-93.2,3207287,1.8781,69.6,24.99,7.09,10.22,20.3,15.5,17.97,420.25,424.21,-3.96,-0.31,54.8,166.3,1,Expansion,Modeled fallback
Kansas,KS,2020,38.5,-96.7,2937880,-0.0195,49.2,23.68,6.18,8.35,18.13,19.6,16.53,401.52,409.72,-8.2,-0.64,52,150.8,0,Non-expansion,Modeled fallback
Kentucky,KY,2020,37.7,-84.7,4505836,1.0128,60.3,25.26,6.92,10.12,17.13,17.5,17.31,419.23,417.6,1.63,0.13,50.5,229,1,Expansion,Modeled fallback
Louisiana,LA,2020,31.2,-91.9,4657757,-1.2015,36.4,24.06,5.78,7.74,15.35,15.6,17.47,392.58,400.63,-8.05,-0.62,47.5,182.9,1,Expansion,Modeled fallback
Maine,ME,2020,45.3,-69.4,1395231,3.1315,83.2,26.68,6.28,11.47,20.31,18.5,22.38,444.64,433.86,10.78,0.84,56.3,224.4,1,Expansion,Modeled fallback
Maryland,MD,2020,39.1,-76.8,6177224,-1.4432,33.8,22.7,5.14,8.21,18.25,9.3,15.83,412.19,398.79,13.4,1.04,52.1,210.9,1,Expansion,Modeled fallback
Massachusetts,MA,2020,42.2,-71.5,7001399,-0.5213,43.7,24.89,5.88,8.79,15.95,8.6,19.91,418.73,405.82,12.91,1,54,433.7,1,Expansion,Modeled fallback
Michigan,MI,2020,43.3,-84.5,9986857,-0.9726,38.9,23.57,5.18,8.54,16.65,14.9,17.43,405.28,402.41,2.87,0.22,50.4,201.5,1,Expansion,Modeled fallback
Minnesota,MN,2020,45.7,-93.9,5737915,-0.905,39.6,22.55,5.76,8.41,18.07,13.8,15.64,416.01,402.91,13.1,1.01,53.3,235.4,1,Expansion,Modeled fallback
Mississippi,MS,2020,32.7,-89.7,2939690,-2.6817,20.4,20.45,4.76,6.83,16,15.5,16.39,362.28,389.27,-26.99,-2.09,45.4,118.9,0,Non-expansion,Modeled fallback
Missouri,MO,2020,38.5,-92.3,6196911,1.3874,64.3,25.67,6.58,9.04,19.17,18,19.39,418.01,420.44,-2.43,-0.19,51.2,198,0,Non-expansion,Modeled fallback
Montana,MT,2020,47,-109.6,1084225,2.3024,74.2,25.59,6.87,9.77,17.54,26.6,22.18,438.77,427.47,11.3,0.88,53.2,259,1,Expansion,Modeled fallback
Nebraska,NE,2020,41.5,-99.9,1961504,0.7286,57.2,24.09,6.85,10.21,18.33,14.5,15.97,420.68,415.4,5.28,0.41,53.5,207.9,0,Non-expansion,Modeled fallback
Nevada,NV,2020,38.3,-117.1,3194176,1.5518,66.1,24.64,6.65,8.85,18.82,20.3,21.74,401.45,421.72,-20.27,-1.57,50.9,130.8,1,Expansion,Modeled fallback
New Hampshire,NH,2020,43.5,-71.6,1454674,2.6033,77.5,27.7,7.55,10.36,20.27,14.6,18.12,440.9,429.82,11.08,0.86,56.2,286.5,1,Expansion,Modeled fallback
New Jersey,NJ,2020,40.2,-74.5,9290841,-4.5748,0,18.1,4,6.18,15.61,7.2,14.73,389.98,374.79,15.19,1.18,50.7,237,1,Expansion,Modeled fallback
New Mexico,NM,2020,34.8,-106.2,2117522,1.5661,66.3,23.89,6.12,9.55,19.81,22.8,19.8,404.18,421.86,-17.68,-1.37,49.4,150.1,1,Expansion,Modeled fallback
New York,NY,2020,42.2,-74.9,19571216,-2.6054,21.3,21.87,4.73,7.7,15.27,8.3,17.29,403.95,389.91,14.04,1.09,51.9,251.4,1,Expansion,Modeled fallback
North Carolina,NC,2020,35.6,-79,10439388,-2.247,25.1,21.4,5,8.09,15.89,14.3,14.82,382.4,392.61,-10.21,-0.79,48.6,147.3,0,Non-expansion,Modeled fallback
North Dakota,ND,2020,47.5,-99.8,780841,-0.4353,44.7,22.99,6.27,8.85,16.4,17.8,16.82,417.13,406.53,10.6,0.82,53.3,212.1,1,Expansion,Modeled fallback
Ohio,OH,2020,40.4,-82.9,11785869,-0.0302,49,23.89,6.28,8.88,17.53,14.7,17.64,412.11,409.58,2.53,0.2,49.6,222.8,1,Expansion,Modeled fallback
Oklahoma,OK,2020,35.6,-97.5,4053824,-0.3196,45.9,22.56,5.76,8.31,17.28,21.8,17.9,392.75,407.38,-14.63,-1.13,48.2,164.4,0,Non-expansion,Modeled fallback
Oregon,OR,2020,43.8,-120.6,4246155,4.6919,100,31.58,7.96,11.9,19.89,19.4,20.81,451.42,445.79,5.63,0.44,55.2,225.7,1,Expansion,Modeled fallback
Pennsylvania,PA,2020,40.6,-77.2,12961683,-0.0986,48.3,23.94,6.22,9.2,17.29,14.3,17.06,421.73,409.08,12.65,0.98,52.4,282.2,1,Expansion,Modeled fallback
Rhode Island,RI,2020,41.7,-71.5,1095962,0.4316,54,25.82,6.31,9.71,16.9,9.4,19.46,425.49,413.13,12.36,0.96,54.4,267.8,1,Expansion,Modeled fallback
South Carolina,SC,2020,34,-81.2,5373555,-3.0862,16.1,19.78,4.6,6.65,14.97,14.7,17.62,372.57,386.22,-13.65,-1.06,47.5,139.7,0,Non-expansion,Modeled fallback
South Dakota,SD,2020,44.3,-99.4,887770,-0.6838,42,21.83,6.72,8.12,15.79,20.7,16.94,412.31,404.61,7.7,0.6,51.1,220.6,0,Non-expansion,Modeled fallback
Tennessee,TN,2020,35.7,-86.7,7126489,1.2321,62.7,26.96,7,9.72,17.79,17.3,16.36,401.96,419.31,-17.35,-1.34,49.9,152.3,0,Non-expansion,Modeled fallback
Texas,TX,2020,31.9,-99.9,30503301,-2.6306,21,20.73,5.1,7.22,16.13,14.2,14.62,368.6,389.7,-21.1,-1.63,48.7,103.3,0,Non-expansion,Modeled fallback
Utah,UT,2020,39.3,-111.1,3417734,1.3428,63.9,26.7,8.4,9.87,16.83,21.5,12.59,431.96,420.16,11.8,0.91,55.6,225.1,1,Expansion,Modeled fallback
Vermont,VT,2020,44,-72.7,643077,2.9408,81.1,29.12,7.69,10.45,17.87,17.8,20.87,443.29,432.37,10.92,0.85,56.9,287.8,1,Expansion,Modeled fallback
Virginia,VA,2020,37.8,-78.2,8715698,-1.1378,37.1,23.14,5.53,8.26,17.47,13.6,15.57,414.36,401.13,13.23,1.02,52.3,311.3,1,Expansion,Modeled fallback
Washington,WA,2020,47.4,-121.5,7812880,1.7512,68.3,27.93,7.24,10.93,17.13,15.7,16.62,434.85,423.28,11.57,0.9,54.3,237.1,1,Expansion,Modeled fallback
West Virginia,WV,2020,38.5,-80.9,1770071,3.2603,84.6,28.11,8.01,11,20.32,18.6,17.19,422.44,434.86,-12.42,-0.96,50.4,182.6,1,Expansion,Modeled fallback
Wisconsin,WI,2020,44.3,-89.6,5910726,0.0407,49.8,24.55,6.4,8.85,16.42,15,18.84,421.47,410.15,11.32,0.88,53.7,220.3,0,Non-expansion,Modeled fallback
Wyoming,WY,2020,42.8,-107.3,576851,1.8133,68.9,24.67,7.38,9.52,18.43,26.3,17.6,412.86,423.71,-10.85,-0.84,50.8,186.5,0,Non-expansion,Modeled fallback
Alabama,AL,2021,32.8,-86.8,5108468,-0.4189,44.8,23.02,6.12,8.64,17.6,16.8,16.2,76.61,159.68,-83.07,-0.73,28.1,92.6,0,Non-expansion,Official URS + CMS/MHBG
Alaska,AK,2021,64.2,-152.5,733406,0.4338,54,24.04,6.67,8.63,15.28,28.2,18.33,246.33,164.65,81.68,0.72,74.2,213.1,1,Expansion,Official URS + CMS/MHBG
Arizona,AZ,2021,33.7,-111.4,7431344,0.454,54.3,24.6,6.46,9.39,16.78,19.2,17.58,13.08,164.81,-151.73,-1.33,1.7,194.9,1,Expansion,Official URS + CMS/MHBG
Arkansas,AR,2021,34.8,-92.4,3067732,1.5326,65.9,26.55,6.66,9.91,18.33,20.2,17.31,34.32,171.08,-136.76,-1.2,3.5,150.1,1,Expansion,Official URS + CMS/MHBG
California,CA,2021,36.1,-119.7,39029342,-2.6035,21.3,21.63,4.76,7.34,15.83,10.2,16.65,194.26,146.99,47.27,0.41,56.4,254.9,1,Expansion,Official URS + CMS/MHBG
Colorado,CO,2021,39,-105.3,5773714,2.5401,76.8,26.36,6.98,9.58,19.24,20.9,22.37,49.43,176.96,-127.53,-1.12,3.2,276.1,1,Expansion,Official URS + CMS/MHBG
Connecticut,CT,2021,41.6,-72.7,3626205,-1.0023,38.6,23.74,5.53,8.29,17.49,9.1,17.53,267.89,156.33,111.56,0.98,15.4,258.8,1,Expansion,Official URS + CMS/MHBG
Delaware,DE,2021,39.3,-75.5,990837,-1.1425,37,22.14,5.6,8.6,16.58,12.8,17.62,111.98,155.47,-43.49,-0.38,9.6,197.9,1,Expansion,Official URS + CMS/MHBG
Florida,FL,2021,27.7,-81.4,22610726,-2.4986,22.4,20.81,4.54,7.64,16.33,14.4,15.64,38,147.59,-109.59,-0.96,0,161.7,0,Non-expansion,Official URS + CMS/MHBG
Georgia,GA,2021,33,-83.6,10912876,-0.9257,39.4,25.23,5.81,8.16,15.02,14.8,17.61,69.64,156.77,-87.13,-0.76,2.6,113.8,0,Non-expansion,Official URS + CMS/MHBG
Hawaii,HI,2021,21.1,-157.5,1435138,-3.9301,7,19.82,4.27,6.08,14.81,15.3,14.36,148.64,139.27,9.37,0.08,1.6,177.1,1,Expansion,Official URS + CMS/MHBG
Idaho,ID,2021,44.2,-114,1964726,0.7157,57.1,24.46,5.92,9.4,18.49,23.3,16.43,42.86,166.32,-123.46,-1.08,8.2,152.8,1,Expansion,Official URS + CMS/MHBG
Illinois,IL,2021,40.3,-88.9,12549689,-1.3914,34.4,22.19,5.2,7.83,17.25,11.9,18.31,47.01,154.07,-107.06,-0.94,14.6,199.4,1,Expansion,Official URS + CMS/MHBG
Indiana,IN,2021,39.8,-86.3,6862199,0.1643,51.1,25.31,6.78,9.16,16.04,17,16.55,103.94,163.08,-59.14,-0.52,63.7,212.4,1,Expansion,Official URS + CMS/MHBG
Iowa,IA,2021,42,-93.2,3207287,1.8781,69.6,24.99,7.09,10.22,20.3,15.5,17.97,310.86,173.07,137.79,1.21,85.2,166.3,1,Expansion,Official URS + CMS/MHBG
Kansas,KS,2021,38.5,-96.7,2937880,-0.0195,49.2,23.68,6.18,8.35,18.13,19.6,16.53,169.75,162.06,7.69,0.07,60.9,150.8,0,Non-expansion,Official URS + CMS/MHBG
Kentucky,KY,2021,37.7,-84.7,4505836,1.0128,60.3,25.26,6.92,10.12,17.13,17.5,17.31,45.93,168.05,-122.12,-1.07,34.9,229,1,Expansion,Official URS + CMS/MHBG
Louisiana,LA,2021,31.2,-91.9,4657757,-1.2015,36.4,24.06,5.78,7.74,15.35,15.6,17.47,189.47,155.15,34.32,0.3,51.2,182.9,1,Expansion,Official URS + CMS/MHBG
Maine,ME,2021,45.3,-69.4,1395231,3.1315,83.2,26.68,6.28,11.47,20.31,18.5,22.38,254.02,180.42,73.6,0.65,65.2,224.4,1,Expansion,Official URS + CMS/MHBG
Maryland,MD,2021,39.1,-76.8,6177224,-1.4432,33.8,22.7,5.14,8.21,18.25,9.3,15.83,238.99,153.74,85.25,0.75,69.5,210.9,1,Expansion,Official URS + CMS/MHBG
Massachusetts,MA,2021,42.2,-71.5,7001399,-0.5213,43.7,24.89,5.88,8.79,15.95,8.6,19.91,146.63,159.09,-12.46,-0.11,0,433.7,1,Expansion,Official URS + CMS/MHBG
Michigan,MI,2021,43.3,-84.5,9986857,-0.9726,38.9,23.57,5.18,8.54,16.65,14.9,17.43,423.75,156.5,267.25,2.34,51.7,201.5,1,Expansion,Official CMS/MHBG-backed
Minnesota,MN,2021,45.7,-93.9,5737915,-0.905,39.6,22.55,5.76,8.41,18.07,13.8,15.64,433.63,156.87,276.76,2.43,54.5,235.4,1,Expansion,Official CMS/MHBG-backed
Mississippi,MS,2021,32.7,-89.7,2939690,-2.6817,20.4,20.45,4.76,6.83,16,15.5,16.39,99.59,146.51,-46.92,-0.41,40.1,118.9,0,Non-expansion,Official URS + CMS/MHBG
Missouri,MO,2021,38.5,-92.3,6196911,1.3874,64.3,25.67,6.58,9.04,19.17,18,19.39,118.39,170.21,-51.82,-0.45,58.5,198,0,Non-expansion,Official URS + CMS/MHBG
Montana,MT,2021,47,-109.6,1084225,2.3024,74.2,25.59,6.87,9.77,17.54,26.6,22.18,270.06,175.56,94.5,0.83,74.6,259,1,Expansion,Official URS + CMS/MHBG
Nebraska,NE,2021,41.5,-99.9,1961504,0.7286,57.2,24.09,6.85,10.21,18.33,14.5,15.97,103.14,166.38,-63.24,-0.55,40.8,207.9,1,Expansion,Official URS + CMS/MHBG
Nevada,NV,2021,38.3,-117.1,3194176,1.5518,66.1,24.64,6.65,8.85,18.82,20.3,21.74,35.61,171.18,-135.57,-1.19,5,130.8,1,Expansion,Official URS + CMS/MHBG
New Hampshire,NH,2021,43.5,-71.6,1454674,2.6033,77.5,27.7,7.55,10.36,20.27,14.6,18.12,216.52,177.34,39.18,0.34,76.2,286.5,1,Expansion,Official URS + CMS/MHBG
New Jersey,NJ,2021,40.2,-74.5,9290841,-4.5748,0,18.1,4,6.18,15.61,7.2,14.73,193.76,135.49,58.27,0.51,53.5,237,1,Expansion,Official URS + CMS/MHBG
New Mexico,NM,2021,34.8,-106.2,2117522,1.5661,66.3,23.89,6.12,9.55,19.81,22.8,19.8,182.45,171.29,11.16,0.1,83.2,150.1,1,Expansion,Official URS + CMS/MHBG
New York,NY,2021,42.2,-74.9,19571216,-2.6054,21.3,21.87,4.73,7.7,15.27,8.3,17.29,421.06,146.99,274.07,2.4,53.1,251.4,1,Expansion,Official CMS/MHBG-backed
North Carolina,NC,2021,35.6,-79,10439388,-2.247,25.1,21.4,5,8.09,15.89,14.3,14.82,123.63,149.04,-25.41,-0.22,68.9,147.3,0,Non-expansion,Official URS + CMS/MHBG
North Dakota,ND,2021,47.5,-99.8,780841,-0.4353,44.7,22.99,6.27,8.85,16.4,17.8,16.82,137.06,159.63,-22.57,-0.2,9.4,212.1,1,Expansion,Official URS + CMS/MHBG
Ohio,OH,2021,40.4,-82.9,11785869,-0.0302,49,23.89,6.28,8.88,17.53,14.7,17.64,109.03,161.95,-52.92,-0.46,66.8,222.8,1,Expansion,Official URS + CMS/MHBG
Oklahoma,OK,2021,35.6,-97.5,4053824,-0.3196,45.9,22.56,5.76,8.31,17.28,21.8,17.9,94.84,160.28,-65.44,-0.57,26.6,164.4,0,Non-expansion,Official URS + CMS/MHBG
Oregon,OR,2021,43.8,-120.6,4246155,4.6919,100,31.58,7.96,11.9,19.89,19.4,20.81,353.98,189.49,164.49,1.44,64.5,225.7,1,Expansion,Official URS + CMS/MHBG
Pennsylvania,PA,2021,40.6,-77.2,12961683,-0.0986,48.3,23.94,6.22,9.2,17.29,14.3,17.06,363.54,161.57,201.97,1.77,77.6,282.2,1,Expansion,Official URS + CMS/MHBG
Rhode Island,RI,2021,41.7,-71.5,1095962,0.4316,54,25.82,6.31,9.71,16.9,9.4,19.46,80.6,164.65,-84.05,-0.74,92.3,267.8,1,Expansion,Official URS + CMS/MHBG
South Carolina,SC,2021,34,-81.2,5373555,-3.0862,16.1,19.78,4.6,6.65,14.97,14.7,17.62,90.46,144.18,-53.72,-0.47,26.2,139.7,0,Non-expansion,Official URS + CMS/MHBG
South Dakota,SD,2021,44.3,-99.4,887770,-0.6838,42,21.83,6.72,8.12,15.79,20.7,16.94,100.83,158.17,-57.34,-0.5,29.2,220.6,0,Non-expansion,Official URS + CMS/MHBG
Tennessee,TN,2021,35.7,-86.7,7126489,1.2321,62.7,26.96,7,9.72,17.79,17.3,16.36,122.94,169.35,-46.41,-0.41,65.3,152.3,0,Non-expansion,Official URS + CMS/MHBG
Texas,TX,2021,31.9,-99.9,30503301,-2.6306,21,20.73,5.1,7.22,16.13,14.2,14.62,39.59,146.83,-107.24,-0.94,1.9,103.3,0,Non-expansion,Official URS + CMS/MHBG
Utah,UT,2021,39.3,-111.1,3417734,1.3428,63.9,26.7,8.4,9.87,16.83,21.5,12.59,78.48,170,-91.52,-0.8,59.5,225.1,1,Expansion,Official URS + CMS/MHBG
Vermont,VT,2021,44,-72.7,643077,2.9408,81.1,29.12,7.69,10.45,17.87,17.8,20.87,398.49,179.28,219.21,1.92,93,287.8,1,Expansion,Official URS + CMS/MHBG
Virginia,VA,2021,37.8,-78.2,8715698,-1.1378,37.1,23.14,5.53,8.26,17.47,13.6,15.57,122.55,155.52,-32.97,-0.29,24.7,311.3,1,Expansion,Official URS + CMS/MHBG
Washington,WA,2021,47.4,-121.5,7812880,1.7512,68.3,27.93,7.24,10.93,17.13,15.7,16.62,223.69,172.37,51.32,0.45,65,237.1,1,Expansion,Official URS + CMS/MHBG
West Virginia,WV,2021,38.5,-80.9,1770071,3.2603,84.6,28.11,8.01,11,20.32,18.6,17.19,104.32,181.17,-76.85,-0.67,5.6,182.6,1,Expansion,Official URS + CMS/MHBG
Wisconsin,WI,2021,44.3,-89.6,5910726,0.0407,49.8,24.55,6.4,8.85,16.42,15,18.84,174.9,162.38,12.52,0.11,65.7,220.3,0,Non-expansion,Official URS + CMS/MHBG
Wyoming,WY,2021,42.8,-107.3,576851,1.8133,68.9,24.67,7.38,9.52,18.43,26.3,17.6,101.45,172.7,-71.25,-0.62,0,186.5,0,Non-expansion,Official URS + CMS/MHBG
Alabama,AL,2022,32.8,-86.8,5108468,-0.4189,44.8,23.02,6.12,8.64,17.6,16.8,16.2,123.44,151.72,-28.28,-0.26,21.8,92.6,0,Non-expansion,Official URS + CMS/MHBG
Alaska,AK,2022,64.2,-152.5,733406,0.4338,54,24.04,6.67,8.63,15.28,28.2,18.33,279.61,164.78,114.83,1.06,81,213.1,1,Expansion,Official URS + CMS/MHBG
Arizona,AZ,2022,33.7,-111.4,7431344,0.454,54.3,24.6,6.46,9.39,16.78,19.2,17.58,2.92,165.21,-162.29,-1.49,0,194.9,1,Expansion,Official URS + CMS/MHBG
Arkansas,AR,2022,34.8,-92.4,3067732,1.5326,65.9,26.55,6.66,9.91,18.33,20.2,17.31,38.59,181.68,-143.09,-1.32,0,150.1,1,Expansion,Official URS + CMS/MHBG
California,CA,2022,36.1,-119.7,39029342,-2.6035,21.3,21.63,4.76,7.34,15.83,10.2,16.65,205.6,118.35,87.25,0.8,85.4,254.9,1,Expansion,Official URS + CMS/MHBG
Colorado,CO,2022,39,-105.3,5773714,2.5401,76.8,26.36,6.98,9.58,19.24,20.9,22.37,58.77,197.16,-138.39,-1.27,57.1,276.1,1,Expansion,Official URS + CMS/MHBG
Connecticut,CT,2022,41.6,-72.7,3626205,-1.0023,38.6,23.74,5.53,8.29,17.49,9.1,17.53,287.18,142.91,144.27,1.33,55.7,258.8,1,Expansion,Official URS + CMS/MHBG
Delaware,DE,2022,39.3,-75.5,990837,-1.1425,37,22.14,5.6,8.6,16.58,12.8,17.62,161.62,140.64,20.98,0.19,27.1,197.9,1,Expansion,Official URS + CMS/MHBG
Florida,FL,2022,27.7,-81.4,22610726,-2.4986,22.4,20.81,4.54,7.64,16.33,14.4,15.64,40.44,119.91,-79.47,-0.73,0,161.7,0,Non-expansion,Official URS + CMS/MHBG
Georgia,GA,2022,33,-83.6,10912876,-0.9257,39.4,25.23,5.81,8.16,15.02,14.8,17.61,79.31,144.05,-64.74,-0.6,4.1,113.8,0,Non-expansion,Official URS + CMS/MHBG
Hawaii,HI,2022,21.1,-157.5,1435138,-3.9301,7,19.82,4.27,6.08,14.81,15.3,14.36,147.92,98.04,49.88,0.46,1,177.1,1,Expansion,Official URS + CMS/MHBG
Idaho,ID,2022,44.2,-114,1964726,0.7157,57.1,24.46,5.92,9.4,18.49,23.3,16.43,49.65,169.18,-119.53,-1.1,2,152.8,1,Expansion,Official URS + CMS/MHBG
Illinois,IL,2022,40.3,-88.9,12549689,-1.3914,34.4,22.19,5.2,7.83,17.25,11.9,18.31,67.64,136.95,-69.31,-0.64,51.6,199.4,1,Expansion,Official URS + CMS/MHBG
Indiana,IN,2022,39.8,-86.3,6862199,0.1643,51.1,25.31,6.78,9.16,16.04,17,16.55,106.42,160.66,-54.24,-0.5,73.3,212.4,1,Expansion,Official URS + CMS/MHBG
Iowa,IA,2022,42,-93.2,3207287,1.8781,69.6,24.99,7.09,10.22,20.3,15.5,17.97,348.46,186.93,161.53,1.49,89.1,166.3,1,Expansion,Official URS + CMS/MHBG
Kansas,KS,2022,38.5,-96.7,2937880,-0.0195,49.2,23.68,6.18,8.35,18.13,19.6,16.53,152.35,157.96,-5.61,-0.05,73.1,150.8,0,Non-expansion,Official URS + CMS/MHBG
Kentucky,KY,2022,37.7,-84.7,4505836,1.0128,60.3,25.26,6.92,10.12,17.13,17.5,17.31,49.67,173.73,-124.06,-1.14,16.6,229,1,Expansion,Official URS + CMS/MHBG
Louisiana,LA,2022,31.2,-91.9,4657757,-1.2015,36.4,24.06,5.78,7.74,15.35,15.6,17.47,197.56,139.79,57.77,0.53,73.1,182.9,1,Expansion,Official URS + CMS/MHBG
Maine,ME,2022,45.3,-69.4,1395231,3.1315,83.2,26.68,6.28,11.47,20.31,18.5,22.38,288.61,206.24,82.37,0.76,81.5,224.4,1,Expansion,Official URS + CMS/MHBG
Maryland,MD,2022,39.1,-76.8,6177224,-1.4432,33.8,22.7,5.14,8.21,18.25,9.3,15.83,95.52,136.1,-40.58,-0.37,0,210.9,1,Expansion,Official URS + CMS/MHBG
Massachusetts,MA,2022,42.2,-71.5,7001399,-0.5213,43.7,24.89,5.88,8.79,15.95,8.6,19.91,153.6,150.15,3.45,0.03,0,433.7,1,Expansion,Official URS + CMS/MHBG
Michigan,MI,2022,43.3,-84.5,9986857,-0.9726,38.9,23.57,5.18,8.54,16.65,14.9,17.43,0.45,143.34,-142.89,-1.32,0,201.5,1,Expansion,Official URS + CMS/MHBG
Minnesota,MN,2022,45.7,-93.9,5737915,-0.905,39.6,22.55,5.76,8.41,18.07,13.8,15.64,8.53,144.33,-135.8,-1.25,0,235.4,1,Expansion,Official URS + CMS/MHBG
Mississippi,MS,2022,32.7,-89.7,2939690,-2.6817,20.4,20.45,4.76,6.83,16,15.5,16.39,99.23,117.07,-17.84,-0.16,57.6,118.9,0,Non-expansion,Official URS + CMS/MHBG
Missouri,MO,2022,38.5,-92.3,6196911,1.3874,64.3,25.67,6.58,9.04,19.17,18,19.39,121.79,179.41,-57.62,-0.53,74.9,198,1,Expansion,Official URS + CMS/MHBG
Montana,MT,2022,47,-109.6,1084225,2.3024,74.2,25.59,6.87,9.77,17.54,26.6,22.18,307.64,193.46,114.18,1.05,87.6,259,1,Expansion,Official URS + CMS/MHBG
Nebraska,NE,2022,41.5,-99.9,1961504,0.7286,57.2,24.09,6.85,10.21,18.33,14.5,15.97,120.8,169.32,-48.52,-0.45,70.6,207.9,1,Expansion,Official URS + CMS/MHBG
Nevada,NV,2022,38.3,-117.1,3194176,1.5518,66.1,24.64,6.65,8.85,18.82,20.3,21.74,41.56,181.96,-140.4,-1.29,6.5,130.8,1,Expansion,Official URS + CMS/MHBG
New Hampshire,NH,2022,43.5,-71.6,1454674,2.6033,77.5,27.7,7.55,10.36,20.27,14.6,18.12,280.01,198.15,81.86,0.75,58.7,286.5,1,Expansion,Official URS + CMS/MHBG
New Jersey,NJ,2022,40.2,-74.5,9290841,-4.5748,0,18.1,4,6.18,15.61,7.2,14.73,203.35,88.1,115.25,1.06,63.1,237,1,Expansion,Official URS + CMS/MHBG
New Mexico,NM,2022,34.8,-106.2,2117522,1.5661,66.3,23.89,6.12,9.55,19.81,22.8,19.8,175.52,182.25,-6.73,-0.06,89.2,150.1,1,Expansion,Official URS + CMS/MHBG
New York,NY,2022,42.2,-74.9,19571216,-2.6054,21.3,21.87,4.73,7.7,15.27,8.3,17.29,313.11,118.35,194.76,1.79,52.2,251.4,1,Expansion,Official URS + CMS/MHBG
North Carolina,NC,2022,35.6,-79,10439388,-2.247,25.1,21.4,5,8.09,15.89,14.3,14.82,113.73,123.74,-10.01,-0.09,86.1,147.3,0,Non-expansion,Official URS + CMS/MHBG
North Dakota,ND,2022,47.5,-99.8,780841,-0.4353,44.7,22.99,6.27,8.85,16.4,17.8,16.82,149.26,151.57,-2.31,-0.02,13.6,212.1,1,Expansion,Official URS + CMS/MHBG
Ohio,OH,2022,40.4,-82.9,11785869,-0.0302,49,23.89,6.28,8.88,17.53,14.7,17.64,387.51,157.68,229.83,2.12,95.7,222.8,1,Expansion,Official URS + CMS/MHBG
Oklahoma,OK,2022,35.6,-97.5,4053824,-0.3196,45.9,22.56,5.76,8.31,17.28,21.8,17.9,105.33,153.28,-47.95,-0.44,21.8,164.4,1,Expansion,Official URS + CMS/MHBG
Oregon,OR,2022,43.8,-120.6,4246155,4.6919,100,31.58,7.96,11.9,19.89,19.4,20.81,379.5,230.1,149.4,1.37,77.1,225.7,1,Expansion,Official URS + CMS/MHBG
Pennsylvania,PA,2022,40.6,-77.2,12961683,-0.0986,48.3,23.94,6.22,9.2,17.29,14.3,17.06,401.88,156.69,245.19,2.26,88.1,282.2,1,Expansion,Official URS + CMS/MHBG
Rhode Island,RI,2022,41.7,-71.5,1095962,0.4316,54,25.82,6.31,9.71,16.9,9.4,19.46,70.5,164.78,-94.28,-0.87,90.1,267.8,1,Expansion,Official URS + CMS/MHBG
South Carolina,SC,2022,34,-81.2,5373555,-3.0862,16.1,19.78,4.6,6.65,14.97,14.7,17.62,92.52,110.96,-18.44,-0.17,23.3,139.7,0,Non-expansion,Official URS + CMS/MHBG
South Dakota,SD,2022,44.3,-99.4,887770,-0.6838,42,21.83,6.72,8.12,15.79,20.7,16.94,116.81,147.74,-30.93,-0.28,25.9,220.6,0,Non-expansion,Official URS + CMS/MHBG
Tennessee,TN,2022,35.7,-86.7,7126489,1.2321,62.7,26.96,7,9.72,17.79,17.3,16.36,131.85,177.13,-45.28,-0.42,78.6,152.3,0,Non-expansion,Official URS + CMS/MHBG
Texas,TX,2022,31.9,-99.9,30503301,-2.6306,21,20.73,5.1,7.22,16.13,14.2,14.62,41.12,117.92,-76.8,-0.71,3.3,103.3,0,Non-expansion,Official URS + CMS/MHBG
Utah,UT,2022,39.3,-111.1,3417734,1.3428,63.9,26.7,8.4,9.87,16.83,21.5,12.59,88.71,178.84,-90.13,-0.83,55.2,225.1,1,Expansion,Official URS + CMS/MHBG
Vermont,VT,2022,44,-72.7,643077,2.9408,81.1,29.12,7.69,10.45,17.87,17.8,20.87,400.76,203.26,197.5,1.82,93.9,287.8,1,Expansion,Official URS + CMS/MHBG
Virginia,VA,2022,37.8,-78.2,8715698,-1.1378,37.1,23.14,5.53,8.26,17.47,13.6,15.57,130.18,140.78,-10.6,-0.1,19.4,311.3,1,Expansion,Official URS + CMS/MHBG
Washington,WA,2022,47.4,-121.5,7812880,1.7512,68.3,27.93,7.24,10.93,17.13,15.7,16.62,301.63,185.09,116.54,1.07,84.9,237.1,1,Expansion,Official URS + CMS/MHBG
West Virginia,WV,2022,38.5,-80.9,1770071,3.2603,84.6,28.11,8.01,11,20.32,18.6,17.19,103.02,208.23,-105.21,-0.97,0,182.6,1,Expansion,Official URS + CMS/MHBG
Wisconsin,WI,2022,44.3,-89.6,5910726,0.0407,49.8,24.55,6.4,8.85,16.42,15,18.84,184.62,158.82,25.8,0.24,80.5,220.3,0,Non-expansion,Official URS + CMS/MHBG
Wyoming,WY,2022,42.8,-107.3,576851,1.8133,68.9,24.67,7.38,9.52,18.43,26.3,17.6,110.53,185.94,-75.41,-0.69,0,186.5,0,Non-expansion,Official URS + CMS/MHBG
Alabama,AL,2023,32.8,-86.8,5108468,-0.4189,44.8,23.02,6.12,8.64,17.6,16.8,16.2,132.61,163.17,-30.56,-0.27,20.4,92.6,0,Non-expansion,Official URS + CMS/MHBG
Alaska,AK,2023,64.2,-152.5,733406,0.4338,54,24.04,6.67,8.63,15.28,28.2,18.33,294.12,178.9,115.22,1.03,73.3,213.1,1,Expansion,Official URS + CMS/MHBG
Arizona,AZ,2023,33.7,-111.4,7431344,0.454,54.3,24.6,6.46,9.39,16.78,19.2,17.58,45.74,179.41,-133.67,-1.19,54.4,194.9,1,Expansion,Official URS + CMS/MHBG
Arkansas,AR,2023,34.8,-92.4,3067732,1.5326,65.9,26.55,6.66,9.91,18.33,20.2,17.31,38.05,199.25,-161.2,-1.44,1.9,150.1,1,Expansion,Official URS + CMS/MHBG
California,CA,2023,36.1,-119.7,39029342,-2.6035,21.3,21.63,4.76,7.34,15.83,10.2,16.65,218.25,122.98,95.27,0.85,60.5,254.9,1,Expansion,Official URS + CMS/MHBG
Colorado,CO,2023,39,-105.3,5773714,2.5401,76.8,26.36,6.98,9.58,19.24,20.9,22.37,64.91,217.89,-152.98,-1.36,2.7,276.1,1,Expansion,Official URS + CMS/MHBG
Connecticut,CT,2023,41.6,-72.7,3626205,-1.0023,38.6,23.74,5.53,8.29,17.49,9.1,17.53,307.01,152.57,154.44,1.38,14.6,258.8,1,Expansion,Official URS + CMS/MHBG
Delaware,DE,2023,39.3,-75.5,990837,-1.1425,37,22.14,5.6,8.6,16.58,12.8,17.62,161.57,149.83,11.74,0.1,18.3,197.9,1,Expansion,Official URS + CMS/MHBG
Florida,FL,2023,27.7,-81.4,22610726,-2.4986,22.4,20.81,4.54,7.64,16.33,14.4,15.64,53.62,124.86,-71.24,-0.63,0,161.7,0,Non-expansion,Official URS + CMS/MHBG
Georgia,GA,2023,33,-83.6,10912876,-0.9257,39.4,25.23,5.81,8.16,15.02,14.8,17.61,83.59,153.93,-70.34,-0.63,1.7,113.8,0,Non-expansion,Official URS + CMS/MHBG
Hawaii,HI,2023,21.1,-157.5,1435138,-3.9301,7,19.82,4.27,6.08,14.81,15.3,14.36,147.34,98.53,48.81,0.43,0.3,177.1,1,Expansion,Official URS + CMS/MHBG
Idaho,ID,2023,44.2,-114,1964726,0.7157,57.1,24.46,5.92,9.4,18.49,23.3,16.43,71.96,184.2,-112.24,-1,5.1,152.8,1,Expansion,Official URS + CMS/MHBG
Illinois,IL,2023,40.3,-88.9,12549689,-1.3914,34.4,22.19,5.2,7.83,17.25,11.9,18.31,79.45,145.38,-65.93,-0.59,42.9,199.4,1,Expansion,Official URS + CMS/MHBG
Indiana,IN,2023,39.8,-86.3,6862199,0.1643,51.1,25.31,6.78,9.16,16.04,17,16.55,110.73,173.94,-63.21,-0.56,59,212.4,1,Expansion,Official URS + CMS/MHBG
Iowa,IA,2023,42,-93.2,3207287,1.8781,69.6,24.99,7.09,10.22,20.3,15.5,17.97,312.76,205.58,107.18,0.95,80.8,166.3,1,Expansion,Official URS + CMS/MHBG
Kansas,KS,2023,38.5,-96.7,2937880,-0.0195,49.2,23.68,6.18,8.35,18.13,19.6,16.53,208.08,170.69,37.39,0.33,56.8,150.8,0,Non-expansion,Official URS + CMS/MHBG
Kentucky,KY,2023,37.7,-84.7,4505836,1.0128,60.3,25.26,6.92,10.12,17.13,17.5,17.31,58.86,189.67,-130.81,-1.17,29.4,229,1,Expansion,Official URS + CMS/MHBG
Louisiana,LA,2023,31.2,-91.9,4657757,-1.2015,36.4,24.06,5.78,7.74,15.35,15.6,17.47,206.64,148.8,57.84,0.52,63.6,182.9,1,Expansion,Official URS + CMS/MHBG
Maine,ME,2023,45.3,-69.4,1395231,3.1315,83.2,26.68,6.28,11.47,20.31,18.5,22.38,240.15,228.83,11.32,0.1,72.3,224.4,1,Expansion,Official URS + CMS/MHBG
Maryland,MD,2023,39.1,-76.8,6177224,-1.4432,33.8,22.7,5.14,8.21,18.25,9.3,15.83,97.13,144.36,-47.23,-0.42,0,210.9,1,Expansion,Official URS + CMS/MHBG
Massachusetts,MA,2023,42.2,-71.5,7001399,-0.5213,43.7,24.89,5.88,8.79,15.95,8.6,19.91,165.29,161.29,4,0.04,0,433.7,1,Expansion,Official URS + CMS/MHBG
Michigan,MI,2023,43.3,-84.5,9986857,-0.9726,38.9,23.57,5.18,8.54,16.65,14.9,17.43,70.74,153.08,-82.34,-0.73,9.4,201.5,1,Expansion,Official URS + CMS/MHBG
Minnesota,MN,2023,45.7,-93.9,5737915,-0.905,39.6,22.55,5.76,8.41,18.07,13.8,15.64,2.95,154.28,-151.33,-1.35,0,235.4,1,Expansion,Official URS + CMS/MHBG
Mississippi,MS,2023,32.7,-89.7,2939690,-2.6817,20.4,20.45,4.76,6.83,16,15.5,16.39,98.7,121.44,-22.74,-0.2,33.9,118.9,0,Non-expansion,Official URS + CMS/MHBG
Missouri,MO,2023,38.5,-92.3,6196911,1.3874,64.3,25.67,6.58,9.04,19.17,18,19.39,143.02,196.51,-53.49,-0.48,52.3,198,1,Expansion,Official URS + CMS/MHBG
Montana,MT,2023,47,-109.6,1084225,2.3024,74.2,25.59,6.87,9.77,17.54,26.6,22.18,336.9,213.44,123.46,1.1,65.5,259,1,Expansion,Official URS + CMS/MHBG
Nebraska,NE,2023,41.5,-99.9,1961504,0.7286,57.2,24.09,6.85,10.21,18.33,14.5,15.97,165.28,184.37,-19.09,-0.17,53.5,207.9,1,Expansion,Official URS + CMS/MHBG
Nevada,NV,2023,38.3,-117.1,3194176,1.5518,66.1,24.64,6.65,8.85,18.82,20.3,21.74,43.25,199.59,-156.34,-1.39,8.2,130.8,1,Expansion,Official URS + CMS/MHBG
New Hampshire,NH,2023,43.5,-71.6,1454674,2.6033,77.5,27.7,7.55,10.36,20.27,14.6,18.12,316.44,219.09,97.35,0.87,71.1,286.5,1,Expansion,Official URS + CMS/MHBG
New Jersey,NJ,2023,40.2,-74.5,9290841,-4.5748,0,18.1,4,6.18,15.61,7.2,14.73,207.08,86.56,120.52,1.07,53.8,237,1,Expansion,Official URS + CMS/MHBG
New Mexico,NM,2023,34.8,-106.2,2117522,1.5661,66.3,23.89,6.12,9.55,19.81,22.8,19.8,198.54,199.93,-1.39,-0.01,80.8,150.1,1,Expansion,Official URS + CMS/MHBG
New York,NY,2023,42.2,-74.9,19571216,-2.6054,21.3,21.87,4.73,7.7,15.27,8.3,17.29,376.06,122.98,253.08,2.25,50.9,251.4,1,Expansion,Official URS + CMS/MHBG
North Carolina,NC,2023,35.6,-79,10439388,-2.247,25.1,21.4,5,8.09,15.89,14.3,14.82,114.11,129.48,-15.37,-0.14,68.3,147.3,0,Non-expansion,Official URS + CMS/MHBG
North Dakota,ND,2023,47.5,-99.8,780841,-0.4353,44.7,22.99,6.27,8.85,16.4,17.8,16.82,169.74,163,6.74,0.06,6.3,212.1,1,Expansion,Official URS + CMS/MHBG
Ohio,OH,2023,40.4,-82.9,11785869,-0.0302,49,23.89,6.28,8.88,17.53,14.7,17.64,241.51,170.35,71.16,0.63,83.8,222.8,1,Expansion,Official URS + CMS/MHBG
Oklahoma,OK,2023,35.6,-97.5,4053824,-0.3196,45.9,22.56,5.76,8.31,17.28,21.8,17.9,119.41,165.05,-45.64,-0.41,30.3,164.4,1,Expansion,Official URS + CMS/MHBG
Oregon,OR,2023,43.8,-120.6,4246155,4.6919,100,31.58,7.96,11.9,19.89,19.4,20.81,543.89,257.56,286.33,2.55,63.5,225.7,1,Expansion,Official URS + CMS/MHBG
Pennsylvania,PA,2023,40.6,-77.2,12961683,-0.0986,48.3,23.94,6.22,9.2,17.29,14.3,17.06,422.68,169.15,253.53,2.26,78.3,282.2,1,Expansion,Official URS + CMS/MHBG
Rhode Island,RI,2023,41.7,-71.5,1095962,0.4316,54,25.82,6.31,9.71,16.9,9.4,19.46,77.41,178.9,-101.49,-0.9,91.4,267.8,1,Expansion,Official URS + CMS/MHBG
South Carolina,SC,2023,34,-81.2,5373555,-3.0862,16.1,19.78,4.6,6.65,14.97,14.7,17.62,106.66,114.09,-7.43,-0.07,22.1,139.7,0,Non-expansion,Official URS + CMS/MHBG
South Dakota,SD,2023,44.3,-99.4,887770,-0.6838,42,21.83,6.72,8.12,15.79,20.7,16.94,116.13,158.38,-42.25,-0.38,26.5,220.6,0,Non-expansion,Official URS + CMS/MHBG
Tennessee,TN,2023,35.7,-86.7,7126489,1.2321,62.7,26.96,7,9.72,17.79,17.3,16.36,148.49,193.78,-45.29,-0.4,68.2,152.3,0,Non-expansion,Official URS + CMS/MHBG
Texas,TX,2023,31.9,-99.9,30503301,-2.6306,21,20.73,5.1,7.22,16.13,14.2,14.62,45.58,122.47,-76.89,-0.68,2.3,103.3,0,Non-expansion,Official URS + CMS/MHBG
Utah,UT,2023,39.3,-111.1,3417734,1.3428,63.9,26.7,8.4,9.87,16.83,21.5,12.59,97.33,195.83,-98.5,-0.88,42.3,225.1,1,Expansion,Official URS + CMS/MHBG
Vermont,VT,2023,44,-72.7,643077,2.9408,81.1,29.12,7.69,10.45,17.87,17.8,20.87,438.05,225.24,212.81,1.9,93.1,287.8,1,Expansion,Official URS + CMS/MHBG
Virginia,VA,2023,37.8,-78.2,8715698,-1.1378,37.1,23.14,5.53,8.26,17.47,13.6,15.57,138.28,150,-11.72,-0.1,22.1,311.3,1,Expansion,Official URS + CMS/MHBG
Washington,WA,2023,47.4,-121.5,7812880,1.7512,68.3,27.93,7.24,10.93,17.13,15.7,16.62,293.99,203.35,90.64,0.81,58.9,237.1,1,Expansion,Official URS + CMS/MHBG
West Virginia,WV,2023,38.5,-80.9,1770071,3.2603,84.6,28.11,8.01,11,20.32,18.6,17.19,111.31,231.23,-119.92,-1.07,9.5,182.6,1,Expansion,Official URS + CMS/MHBG
Wisconsin,WI,2023,44.3,-89.6,5910726,0.0407,49.8,24.55,6.4,8.85,16.42,15,18.84,201.17,171.72,29.45,0.26,67.1,220.3,0,Non-expansion,Official URS + CMS/MHBG
Wyoming,WY,2023,42.8,-107.3,576851,1.8133,68.9,24.67,7.38,9.52,18.43,26.3,17.6,115.97,204.38,-88.41,-0.79,0,186.5,0,Non-expansion,Official URS + CMS/MHBG
Alabama,AL,2024,32.8,-86.8,5108468,-0.4189,44.8,23.02,6.12,8.64,17.6,16.8,16.2,134.12,182.02,-47.9,-0.38,20.1,92.6,0,Non-expansion,Official URS + CMS/MHBG
Alaska,AK,2024,64.2,-152.5,733406,0.4338,54,24.04,6.67,8.63,15.28,28.2,18.33,297.57,195.54,102.03,0.81,73.1,213.1,1,Expansion,Official URS + CMS/MHBG
Arizona,AZ,2024,33.7,-111.4,7431344,0.454,54.3,24.6,6.46,9.39,16.78,19.2,17.58,46.19,195.98,-149.79,-1.2,52.3,194.9,1,Expansion,Official URS + CMS/MHBG
Arkansas,AR,2024,34.8,-92.4,3067732,1.5326,65.9,26.55,6.66,9.91,18.33,20.2,17.31,39.17,213.03,-173.86,-1.39,24.6,150.1,1,Expansion,Official URS + CMS/MHBG
California,CA,2024,36.1,-119.7,39029342,-2.6035,21.3,21.63,4.76,7.34,15.83,10.2,16.65,229.5,147.47,82.03,0.66,60.7,254.9,1,Expansion,Official URS + CMS/MHBG
Colorado,CO,2024,39,-105.3,5773714,2.5401,76.8,26.36,6.98,9.58,19.24,20.9,22.37,68.49,229.06,-160.57,-1.28,2.2,276.1,1,Expansion,Official URS + CMS/MHBG
Connecticut,CT,2024,41.6,-72.7,3626205,-1.0023,38.6,23.74,5.53,8.29,17.49,9.1,17.53,324.73,172.9,151.83,1.21,13.9,258.8,1,Expansion,Official URS + CMS/MHBG
Delaware,DE,2024,39.3,-75.5,990837,-1.1425,37,22.14,5.6,8.6,16.58,12.8,17.62,170.9,170.55,0.35,0,24.5,197.9,1,Expansion,Official URS + CMS/MHBG
Florida,FL,2024,27.7,-81.4,22610726,-2.4986,22.4,20.81,4.54,7.64,16.33,14.4,15.64,53.96,149.09,-95.13,-0.76,0,161.7,0,Non-expansion,Official URS + CMS/MHBG
Georgia,GA,2024,33,-83.6,10912876,-0.9257,39.4,25.23,5.81,8.16,15.02,14.8,17.61,91.72,174.08,-82.36,-0.66,3,113.8,0,Non-expansion,Official URS + CMS/MHBG
Hawaii,HI,2024,21.1,-157.5,1435138,-3.9301,7,19.82,4.27,6.08,14.81,15.3,14.36,163.41,126.45,36.96,0.3,1,177.1,1,Expansion,Official URS + CMS/MHBG
Idaho,ID,2024,44.2,-114,1964726,0.7157,57.1,24.46,5.92,9.4,18.49,23.3,16.43,62.43,200.1,-137.67,-1.1,4.7,152.8,1,Expansion,Official URS + CMS/MHBG
Illinois,IL,2024,40.3,-88.9,12549689,-1.3914,34.4,22.19,5.2,7.83,17.25,11.9,18.31,89.89,166.73,-76.84,-0.61,42.5,199.4,1,Expansion,Official URS + CMS/MHBG
Indiana,IN,2024,39.8,-86.3,6862199,0.1643,51.1,25.31,6.78,9.16,16.04,17,16.55,110.29,191.28,-80.99,-0.65,56.5,212.4,1,Expansion,Official URS + CMS/MHBG
Iowa,IA,2024,42,-93.2,3207287,1.8781,69.6,24.99,7.09,10.22,20.3,15.5,17.97,405.96,218.47,187.49,1.5,84.3,166.3,1,Expansion,Official URS + CMS/MHBG
Kansas,KS,2024,38.5,-96.7,2937880,-0.0195,49.2,23.68,6.18,8.35,18.13,19.6,16.53,262.07,188.48,73.59,0.59,61.6,150.8,0,Non-expansion,Official URS + CMS/MHBG
Kentucky,KY,2024,37.7,-84.7,4505836,1.0128,60.3,25.26,6.92,10.12,17.13,17.5,17.31,60.98,204.8,-143.82,-1.15,23.2,229,1,Expansion,Official URS + CMS/MHBG
Louisiana,LA,2024,31.2,-91.9,4657757,-1.2015,36.4,24.06,5.78,7.74,15.35,15.6,17.47,214.54,169.67,44.87,0.36,66.4,182.9,1,Expansion,Official URS + CMS/MHBG
Maine,ME,2024,45.3,-69.4,1395231,3.1315,83.2,26.68,6.28,11.47,20.31,18.5,22.38,181.11,238.46,-57.35,-0.46,51.1,224.4,1,Expansion,Official URS + CMS/MHBG
Maryland,MD,2024,39.1,-76.8,6177224,-1.4432,33.8,22.7,5.14,8.21,18.25,9.3,15.83,104.29,165.85,-61.56,-0.49,0,210.9,1,Expansion,Official URS + CMS/MHBG
Massachusetts,MA,2024,42.2,-71.5,7001399,-0.5213,43.7,24.89,5.88,8.79,15.95,8.6,19.91,170.66,180.4,-9.74,-0.08,0,433.7,1,Expansion,Official URS + CMS/MHBG
Michigan,MI,2024,43.3,-84.5,9986857,-0.9726,38.9,23.57,5.18,8.54,16.65,14.9,17.43,34.74,173.34,-138.6,-1.11,7.6,201.5,1,Expansion,Official URS + CMS/MHBG
Minnesota,MN,2024,45.7,-93.9,5737915,-0.905,39.6,22.55,5.76,8.41,18.07,13.8,15.64,353.5,174.37,179.13,1.43,72,235.4,1,Expansion,Official URS + CMS/MHBG
Mississippi,MS,2024,32.7,-89.7,2939690,-2.6817,20.4,20.45,4.76,6.83,16,15.5,16.39,91.6,146.15,-54.55,-0.44,28.5,118.9,0,Non-expansion,Official URS + CMS/MHBG
Missouri,MO,2024,38.5,-92.3,6196911,1.3874,64.3,25.67,6.58,9.04,19.17,18,19.39,172.7,210.68,-37.98,-0.3,52.7,198,1,Expansion,Official URS + CMS/MHBG
Montana,MT,2024,47,-109.6,1084225,2.3024,74.2,25.59,6.87,9.77,17.54,26.6,22.18,333.93,225.23,108.7,0.87,66.9,259,1,Expansion,Official URS + CMS/MHBG
Nebraska,NE,2024,41.5,-99.9,1961504,0.7286,57.2,24.09,6.85,10.21,18.33,14.5,15.97,181.44,200.24,-18.8,-0.15,54,207.9,1,Expansion,Official URS + CMS/MHBG
Nevada,NV,2024,38.3,-117.1,3194176,1.5518,66.1,24.64,6.65,8.85,18.82,20.3,21.74,43.44,213.33,-169.89,-1.36,8.2,130.8,1,Expansion,Official URS + CMS/MHBG
New Hampshire,NH,2024,43.5,-71.6,1454674,2.6033,77.5,27.7,7.55,10.36,20.27,14.6,18.12,273.15,230.08,43.07,0.34,67.9,286.5,1,Expansion,Official URS + CMS/MHBG
New Jersey,NJ,2024,40.2,-74.5,9290841,-4.5748,0,18.1,4,6.18,15.61,7.2,14.73,243.8,116.16,127.64,1.02,55.7,237,1,Expansion,Official URS + CMS/MHBG
New Mexico,NM,2024,34.8,-106.2,2117522,1.5661,66.3,23.89,6.12,9.55,19.81,22.8,19.8,200.27,213.62,-13.35,-0.11,82.2,150.1,1,Expansion,Official URS + CMS/MHBG
New York,NY,2024,42.2,-74.9,19571216,-2.6054,21.3,21.87,4.73,7.7,15.27,8.3,17.29,436.22,147.47,288.75,2.31,47.2,251.4,1,Expansion,Official URS + CMS/MHBG
North Carolina,NC,2024,35.6,-79,10439388,-2.247,25.1,21.4,5,8.09,15.89,14.3,14.82,132.7,153.06,-20.36,-0.16,76.3,147.3,1,Expansion,Official URS + CMS/MHBG
North Dakota,ND,2024,47.5,-99.8,780841,-0.4353,44.7,22.99,6.27,8.85,16.4,17.8,16.82,187.53,181.87,5.66,0.05,5.3,212.1,1,Expansion,Official URS + CMS/MHBG
Ohio,OH,2024,40.4,-82.9,11785869,-0.0302,49,23.89,6.28,8.88,17.53,14.7,17.64,253.77,188.19,65.58,0.52,81.8,222.8,1,Expansion,Official URS + CMS/MHBG
Oklahoma,OK,2024,35.6,-97.5,4053824,-0.3196,45.9,22.56,5.76,8.31,17.28,21.8,17.9,129.01,183.63,-54.62,-0.44,28.1,164.4,1,Expansion,Official URS + CMS/MHBG
Oregon,OR,2024,43.8,-120.6,4246155,4.6919,100,31.58,7.96,11.9,19.89,19.4,20.81,614.83,263.16,351.67,2.81,68.6,225.7,1,Expansion,Official URS + CMS/MHBG
Pennsylvania,PA,2024,40.6,-77.2,12961683,-0.0986,48.3,23.94,6.22,9.2,17.29,14.3,17.06,414.25,187.16,227.09,1.81,78.2,282.2,1,Expansion,Official URS + CMS/MHBG
Rhode Island,RI,2024,41.7,-71.5,1095962,0.4316,54,25.82,6.31,9.71,16.9,9.4,19.46,102.23,195.54,-93.31,-0.75,92.7,267.8,1,Expansion,Official URS + CMS/MHBG
South Carolina,SC,2024,34,-81.2,5373555,-3.0862,16.1,19.78,4.6,6.65,14.97,14.7,17.62,114.8,139.83,-25.03,-0.2,20.7,139.7,0,Non-expansion,Official URS + CMS/MHBG
South Dakota,SD,2024,44.3,-99.4,887770,-0.6838,42,21.83,6.72,8.12,15.79,20.7,16.94,135.95,177.9,-41.95,-0.34,23.1,220.6,1,Expansion,Official URS + CMS/MHBG
Tennessee,TN,2024,35.7,-86.7,7126489,1.2321,62.7,26.96,7,9.72,17.79,17.3,16.36,153.18,208.33,-55.15,-0.44,58.3,152.3,0,Non-expansion,Official URS + CMS/MHBG
Texas,TX,2024,31.9,-99.9,30503301,-2.6306,21,20.73,5.1,7.22,16.13,14.2,14.62,53.5,147.03,-93.53,-0.75,2.1,103.3,0,Non-expansion,Official URS + CMS/MHBG
Utah,UT,2024,39.3,-111.1,3417734,1.3428,63.9,26.7,8.4,9.87,16.83,21.5,12.59,106.49,210.09,-103.6,-0.83,51.9,225.1,1,Expansion,Official URS + CMS/MHBG
Vermont,VT,2024,44,-72.7,643077,2.9408,81.1,29.12,7.69,10.45,17.87,17.8,20.87,466.97,235.38,231.59,1.85,89.6,287.8,1,Expansion,Official URS + CMS/MHBG
Virginia,VA,2024,37.8,-78.2,8715698,-1.1378,37.1,23.14,5.53,8.26,17.47,13.6,15.57,157.44,170.7,-13.26,-0.11,20.4,311.3,1,Expansion,Official URS + CMS/MHBG
Washington,WA,2024,47.4,-121.5,7812880,1.7512,68.3,27.93,7.24,10.93,17.13,15.7,16.62,275.8,216.56,59.24,0.47,58.6,237.1,1,Expansion,Official URS + CMS/MHBG
West Virginia,WV,2024,38.5,-80.9,1770071,3.2603,84.6,28.11,8.01,11,20.32,18.6,17.19,150.84,240.52,-89.68,-0.72,14.5,182.6,1,Expansion,Official URS + CMS/MHBG
Wisconsin,WI,2024,44.3,-89.6,5910726,0.0407,49.8,24.55,6.4,8.85,16.42,15,18.84,278.2,189.37,88.83,0.71,52.2,220.3,0,Non-expansion,Official URS + CMS/MHBG
Wyoming,WY,2024,42.8,-107.3,576851,1.8133,68.9,24.67,7.38,9.52,18.43,26.3,17.6,61.89,217.44,-155.55,-1.24,0,186.5,0,Non-expansion,Official URS + CMS/MHBG
